,xgb_prob,dnn_prob,garch_vol
2017-08-31,0.8695007,1.0,
2017-09-01,0.35060355,1.0,
2017-09-02,0.5532864,1.0,
2017-09-03,0.49016413,1.0,
2017-09-04,0.8079409,0.99843127,
2017-09-05,0.67502,1.0,
2017-09-06,0.76080835,1.0,
2017-09-07,0.281962,1.0,
2017-09-08,0.22173871,1.0,
2017-09-09,0.11535953,1.0,
2017-09-10,0.39500457,1.0,
2017-09-11,0.31447268,1.0,
2017-09-12,0.29273856,1.0,
2017-09-13,0.18127263,1.0,
2017-09-14,0.9325453,0.0,
2017-09-15,0.8109185,0.0,
2017-09-16,0.6585991,0.98589015,
2017-09-17,0.64039016,1.0,
2017-09-18,0.13996795,1.0,
2017-09-19,0.20637372,1.0,
2017-09-20,0.18340449,1.0,
2017-09-21,0.18946232,1.0,
2017-09-22,0.69631404,1.0,
2017-09-23,0.27186185,1.0,
2017-09-24,0.70439684,1.0,
2017-09-25,0.20901573,1.0,
2017-09-26,0.7053165,1.0,
2017-09-27,0.12626386,1.0,
2017-09-28,0.7859161,1.0,
2017-09-29,0.74807215,0.004657839,
2017-09-30,0.32296827,1.0,
2017-10-01,0.67067415,1.0,
2017-10-02,0.25621298,1.0,
2017-10-03,0.28388214,1.0,
2017-10-04,0.593111,1.0,
2017-10-05,0.8704698,1.0,
2017-10-06,0.8311364,1.0,
2017-10-07,0.8311364,1.0,
2017-10-08,0.81413007,1.0,
2017-10-09,0.44585127,1.0,
2017-10-10,0.72488064,1.0,
2017-10-11,0.6788039,1.0,
2017-10-12,0.82997954,1.0,
2017-10-13,0.84079325,1.0,
2017-10-14,0.35451463,1.0,
2017-10-15,0.6787821,1.0,
2017-10-16,0.43792227,1.0,
2017-10-17,0.5894457,1.0,
2017-10-18,0.77940947,1.0,
2017-10-19,0.77940947,1.0,
2017-10-20,0.6572257,1.0,
2017-10-21,0.39855662,1.0,
2017-10-22,0.32709336,1.0,
2017-10-23,0.42855906,1.0,
2017-10-24,0.80472237,0.99557364,
2017-10-25,0.7986795,1.0,
2017-10-26,0.2946816,1.0,
2017-10-27,0.3632017,1.0,
2017-10-28,0.6351835,1.0,
2017-10-29,0.3284063,1.0,
2017-10-30,0.5516843,1.0,
2017-10-31,0.78978485,1.0,
2017-11-01,0.60546947,1.0,
2017-11-02,0.75792503,1.0,
2017-11-03,0.75792503,1.0,
2017-11-04,0.4902285,1.0,
2017-11-05,0.28623825,1.0,
2017-11-06,0.7461878,1.0,
2017-11-07,0.668215,1.0,
2017-11-08,0.39639023,1.0,
2017-11-09,0.3581237,1.0,
2017-11-10,0.077796526,3.64579e-08,
2017-11-11,0.3601445,3.66632e-08,
2017-11-12,0.85779,0.0,
2017-11-13,0.79565126,0.9999999,
2017-11-14,0.6573114,1.0,
2017-11-15,0.81028104,1.0,
2017-11-16,0.4158,1.0,
2017-11-17,0.78630376,0.8068665,
2017-11-18,0.841699,0.9925056,
2017-11-19,0.8133399,1.0,
2017-11-20,0.40973938,1.0,
2017-11-21,0.6809313,1.2920504e-21,
2017-11-22,0.20595795,1.0,
2017-11-23,0.589422,0.9725804,
2017-11-24,0.6994825,5.199381e-13,
2017-11-25,0.6645948,1.0,
2017-11-26,0.78692764,1.0,
2017-11-27,0.7890047,1.0,
2017-11-28,0.6039316,1.0,
2017-11-29,0.6731338,1.0,
2017-11-30,0.795491,1.0,
2017-12-01,0.95246017,1.864513e-14,
2017-12-02,0.95246017,1.0,
2017-12-03,0.9440118,1.0,
2017-12-04,0.9276186,1.0,
2017-12-05,0.9057408,1.0,
2017-12-06,0.7533151,1.0,
2017-12-07,0.25979358,1.0,
2017-12-08,0.22314315,1.0,
2017-12-09,0.72570974,1.0,
2017-12-10,0.7182485,1.0,
2017-12-11,0.21563114,1.0,
2017-12-12,0.37692896,1.0,
2017-12-13,0.70728546,1.0,
2017-12-14,0.6193295,1.0,
2017-12-15,0.68211514,1.0,
2017-12-16,0.17254288,1.0,
2017-12-17,0.1353187,1.0,
2017-12-18,0.091289654,1.0,
2017-12-19,0.046917338,1.0,
2017-12-20,0.050018895,1.0,
2017-12-21,0.0683927,1.0,
2017-12-22,0.44057038,1.0,
2017-12-23,0.69613975,1.0,
2017-12-24,0.86664313,1.0,
2017-12-25,0.7314952,1.0,
2017-12-26,0.073165335,1.0,
2017-12-27,0.16171335,1.0,
2017-12-28,0.90147275,1.0,
2017-12-29,0.43197387,1.0,
2017-12-30,0.92146933,1.0,
2017-12-31,0.30700305,0.0,
2018-01-01,0.71830744,0.0,
2018-01-02,0.55668354,1.0,
2018-01-03,0.83600044,1.0,
2018-01-04,0.7006915,1.0,
2018-01-05,0.5587551,1.0,
2018-01-06,0.38496095,1.0,
2018-01-07,0.10839351,0.0,
2018-01-08,0.44565666,1.0,
2018-01-09,0.7875889,0.0,
2018-01-10,0.24168465,1.0,
2018-01-11,0.90637386,1.0,
2018-01-12,0.679266,4.495897e-17,
2018-01-13,0.5115556,0.0,
2018-01-14,0.6166488,1.3759624e-10,
2018-01-15,0.27170342,0.0,
2018-01-16,0.80595636,0.0,
2018-01-17,0.4589895,0.0,
2018-01-18,0.65220755,1.0,
2018-01-19,0.88225377,1.0,
2018-01-20,0.2820463,1.0,
2018-01-21,0.2552215,1.0,
2018-01-22,0.5879337,1.0,
2018-01-23,0.7022168,1.0,
2018-01-24,0.36191308,1.0,
2018-01-25,0.33568323,0.0,
2018-01-26,0.660101,0.99999994,
2018-01-27,0.50210035,0.0,
2018-01-28,0.24266307,0.0,
2018-01-29,0.258336,0.0,
2018-01-30,0.4456226,1.0,
2018-01-31,0.36836982,0.0,
2018-02-01,0.2155566,1.0,
2018-02-02,0.6956569,5.6997257e-37,
2018-02-03,0.16193704,1.0,
2018-02-04,0.4214733,1.0,
2018-02-05,0.9080693,0.0,
2018-02-06,0.43981993,0.9996338,
2018-02-07,0.80259424,1.1358806e-09,
2018-02-08,0.8077016,1.0,
2018-02-09,0.2463261,1.18019995e-11,
2018-02-10,0.4763892,1.0,
2018-02-11,0.62101203,1.0,
2018-02-12,0.37017697,1.0,
2018-02-13,0.50844884,1.0,
2018-02-14,0.6453632,1.0,
2018-02-15,0.8358693,1.0,
2018-02-16,0.6088675,1.0,
2018-02-17,0.47156885,1.0,
2018-02-18,0.73123336,1.0,
2018-02-19,0.6569733,1.0,
2018-02-20,0.27314433,1.0,
2018-02-21,0.43504414,1.0,
2018-02-22,0.40579778,1.0,
2018-02-23,0.42730746,1.0,
2018-02-24,0.29201943,1.0,
2018-02-25,0.40171248,1.0,
2018-02-26,0.56527996,1.0,
2018-02-27,0.58421683,1.0,
2018-02-28,0.81552434,1.0,
2018-03-01,0.70249313,1.0,
2018-03-02,0.6652358,1.0,
2018-03-03,0.6652358,6.4951813e-09,
2018-03-04,0.20691498,1.0,
2018-03-05,0.2475503,1.0,
2018-03-06,0.42465502,1.0,
2018-03-07,0.26783133,0.9999753,
2018-03-08,0.14657255,0.0007207265,
2018-03-09,0.42422247,1.6421682e-06,
2018-03-10,0.6192738,1.0,
2018-03-11,0.20243444,1.8016173e-10,
2018-03-12,0.32690796,3.2274508e-10,
2018-03-13,0.38373235,0.9994546,
2018-03-14,0.713112,2.9136953e-18,
2018-03-15,0.7916696,0.9625445,
2018-03-16,0.19167265,0.00015219519,
2018-03-17,0.87561077,1.0,
2018-03-18,0.93489945,1.0,
2018-03-19,0.70524585,1.0,
2018-03-20,0.18926843,1.0,
2018-03-21,0.23546751,1.0,
2018-03-22,0.57875085,1.0,
2018-03-23,0.2948495,1.0,
2018-03-24,0.2716985,1.0,
2018-03-25,0.34076056,1.0,
2018-03-26,0.34758294,1.0,
2018-03-27,0.55439293,2.216261e-06,
2018-03-28,0.25457755,1.0,
2018-03-29,0.6243178,4.4092485e-10,
2018-03-30,0.72257835,0.00018330803,
2018-03-31,0.4858755,1.9172392e-12,
2018-04-01,0.5887434,0.000424026,
2018-04-02,0.7087378,0.99999976,
2018-04-03,0.36351717,1.0,
2018-04-04,0.22172467,1.0,
2018-04-05,0.19316511,1.0,
2018-04-06,0.7525116,1.0,
2018-04-07,0.8643009,1.0,
2018-04-08,0.58785987,0.9999769,
2018-04-09,0.8473985,1.0,
2018-04-10,0.60494703,1.0,
2018-04-11,0.60494703,1.0,
2018-04-12,0.40807277,1.0,
2018-04-13,0.67887026,1.0,
2018-04-14,0.74595505,1.0,
2018-04-15,0.5052613,1.0,
2018-04-16,0.49164855,1.0,
2018-04-17,0.73143625,1.0,
2018-04-18,0.644219,1.0,
2018-04-19,0.644219,1.0,
2018-04-20,0.631156,1.0,
2018-04-21,0.5176901,1.0,
2018-04-22,0.6260483,1.0,
2018-04-23,0.60320264,1.0,
2018-04-24,0.3788589,1.0,
2018-04-25,0.73344326,1.0,
2018-04-26,0.5175382,1.0,
2018-04-27,0.6635803,0.9999978,
2018-04-28,0.76042205,1.0,
2018-04-29,0.35027018,1.0,
2018-04-30,0.34689116,1.0,
2018-05-01,0.4544544,0.9999999,
2018-05-02,0.44015986,1.0,
2018-05-03,0.4914338,1.0,
2018-05-04,0.45396674,1.0,
2018-05-05,0.34057778,0.9999982,
2018-05-06,0.35323182,1.0,
2018-05-07,0.39109954,1.0,
2018-05-08,0.6755246,1.0,
2018-05-09,0.33919966,1.0,
2018-05-10,0.4671664,1.0,
2018-05-11,0.5323534,0.55816835,
2018-05-12,0.35788646,4.5048148e-07,
2018-05-13,0.28945664,1.0,
2018-05-14,0.4087168,0.046870515,
2018-05-15,0.3789174,1.0,
2018-05-16,0.48010656,1.0,
2018-05-17,0.86917824,1.0,
2018-05-18,0.22883807,1.0,
2018-05-19,0.79959995,1.0,
2018-05-20,0.18770042,1.0,
2018-05-21,0.23333126,1.0,
2018-05-22,0.2623266,1.0,
2018-05-23,0.48325646,0.99995965,
2018-05-24,0.42346781,0.9999936,
2018-05-25,0.31184974,1.0,
2018-05-26,0.46475405,1.0,
2018-05-27,0.41979748,1.0,
2018-05-28,0.89538425,1.0,
2018-05-29,0.34143215,1.0,
2018-05-30,0.6662143,1.0,
2018-05-31,0.7496207,1.0,
2018-06-01,0.6090894,1.0,
2018-06-02,0.43493614,1.0,
2018-06-03,0.54253465,1.0,
2018-06-04,0.6871911,1.0,
2018-06-05,0.7429988,1.0,
2018-06-06,0.6427663,1.0,
2018-06-07,0.43917155,1.0,
2018-06-08,0.43917155,1.0,
2018-06-09,0.41855502,1.0,
2018-06-10,0.55801284,1.0,
2018-06-11,0.5998494,0.98970765,
2018-06-12,0.28320748,0.00015078996,
2018-06-13,0.77975947,0.040667854,
2018-06-14,0.15290599,1.0,
2018-06-15,0.762175,0.9988366,
2018-06-16,0.2931023,1.0,
2018-06-17,0.7875604,0.99999994,
2018-06-18,0.67161274,1.0,
2018-06-19,0.44828886,1.0,
2018-06-20,0.29487696,1.0,
2018-06-21,0.24746944,1.0,
2018-06-22,0.8896983,1.0,
2018-06-23,0.39750504,1.0,
2018-06-24,0.6190605,1.0,
2018-06-25,0.6140892,1.0,
2018-06-26,0.585576,1.0,
2018-06-27,0.38089415,1.0,
2018-06-28,0.87133926,1.0,
2018-06-29,0.743182,1.0,
2018-06-30,0.6145125,1.0,
2018-07-01,0.8002679,1.0,
2018-07-02,0.31389767,1.0,
2018-07-03,0.62718713,1.0,
2018-07-04,0.17764875,1.0,
2018-07-05,0.68567914,1.0,
2018-07-06,0.71308565,1.0,
2018-07-07,0.60103023,1.0,
2018-07-08,0.18708965,1.0,
2018-07-09,0.19372517,1.0,
2018-07-10,0.7128645,1.0,
2018-07-11,0.583017,0.97717756,
2018-07-12,0.3087877,1.0,
2018-07-13,0.7272548,1.0,
2018-07-14,0.6921382,0.9999999,
2018-07-15,0.82872117,1.0,
2018-07-16,0.58348113,1.0,
2018-07-17,0.76261115,1.0,
2018-07-18,0.662597,1.0,
2018-07-19,0.4556329,1.0,
2018-07-20,0.56066793,1.0,
2018-07-21,0.61953574,1.0,
2018-07-22,0.53532803,1.0,
2018-07-23,0.52108735,1.0,
2018-07-24,0.30833033,1.0,
2018-07-25,0.16908309,1.0,
2018-07-26,0.5674812,1.0,
2018-07-27,0.599999,1.0,
2018-07-28,0.41332656,1.0,
2018-07-29,0.4835723,1.0,
2018-07-30,0.32107103,1.0,
2018-07-31,0.32096693,1.0,
2018-08-01,0.39817563,1.0,
2018-08-02,0.4460232,1.0,
2018-08-03,0.30738625,1.0,
2018-08-04,0.44693545,0.004380595,
2018-08-05,0.3770537,6.6459642e-09,
2018-08-06,0.35740492,4.8223535e-07,
2018-08-07,0.14999254,0.9999989,
2018-08-08,0.8070039,0.99999404,
2018-08-09,0.33431196,1.0,
2018-08-10,0.89263415,1.0,
2018-08-11,0.7540891,1.0,
2018-08-12,0.27668002,1.0,
2018-08-13,0.2880268,1.0,
2018-08-14,0.88510346,1.0,
2018-08-15,0.91389436,1.0,
2018-08-16,0.7912333,1.0,
2018-08-17,0.40373003,1.0,
2018-08-18,0.85162187,1.0,
2018-08-19,0.1070345,1.0,
2018-08-20,0.80499697,1.0,
2018-08-21,0.22698885,1.0,
2018-08-22,0.85750026,1.0,
2018-08-23,0.6067319,1.0,
2018-08-24,0.42854592,1.0,
2018-08-25,0.35241526,0.99999917,
2018-08-26,0.49678192,1.0,
2018-08-27,0.6230816,1.0,
2018-08-28,0.1798278,1.0,
2018-08-29,0.37856466,1.0,
2018-08-30,0.7619223,1.0,
2018-08-31,0.7394718,1.0,
2018-09-01,0.7476605,1.0,
2018-09-02,0.3801561,1.0,
2018-09-03,0.64808637,1.0,
2018-09-04,0.49393576,1.0,
2018-09-05,0.09701909,1.0,
2018-09-06,0.42865774,1.0,
2018-09-07,0.503532,1.0,
2018-09-08,0.8443032,0.9914295,
2018-09-09,0.85792696,1.0,
2018-09-10,0.61128527,1.0,
2018-09-11,0.8146897,1.0,
2018-09-12,0.73466015,1.0,
2018-09-13,0.24041389,1.0,
2018-09-14,0.8413303,1.0,
2018-09-15,0.53835297,1.0,
2018-09-16,0.35054573,1.0,
2018-09-17,0.83590627,1.0,
2018-09-18,0.8841392,1.0,
2018-09-19,0.7680853,1.0,
2018-09-20,0.54977596,1.0,
2018-09-21,0.5049397,1.0,
2018-09-22,0.40697825,0.99999976,
2018-09-23,0.44296327,1.0,
2018-09-24,0.25999698,1.0,
2018-09-25,0.8505689,1.0,
2018-09-26,0.85143006,1.0,
2018-09-27,0.16263744,1.0,
2018-09-28,0.19334102,1.0,
2018-09-29,0.518486,0.99999976,
2018-09-30,0.37744793,1.0,
2018-10-01,0.36133525,1.0,
2018-10-02,0.3570692,0.9999903,
2018-10-03,0.5802923,0.99978846,
2018-10-04,0.5632717,1.0,
2018-10-05,0.5118785,1.0,
2018-10-06,0.59077513,2.8921663e-08,
2018-10-07,0.38086078,0.99998087,
2018-10-08,0.3759449,1.0,
2018-10-09,0.17111841,1.0,
2018-10-10,0.2504079,1.0,
2018-10-11,0.9054415,1.0,
2018-10-12,0.78127044,0.07660373,
2018-10-13,0.7874911,1.0,
2018-10-14,0.81109023,1.0,
2018-10-15,0.88937217,1.0,
2018-10-16,0.15950902,1.0,
2018-10-17,0.07957203,1.0,
2018-10-18,0.18838692,1.0,
2018-10-19,0.69486755,1.0,
2018-10-20,0.5599114,0.99999994,
2018-10-21,0.5341015,0.0,
2018-10-22,0.29449543,1.0,
2018-10-23,0.38039595,1.0,
2018-10-24,0.3406044,1.3992053e-09,
2018-10-25,0.43063492,0.99619627,
2018-10-26,0.30558783,1.0,
2018-10-27,0.06363975,1.3174276e-06,
2018-10-28,0.06363975,0.0,
2018-10-29,0.23021108,1.0,
2018-10-30,0.8552955,0.6198375,
2018-10-31,0.9191337,3.943687e-15,
2018-11-01,0.9498939,0.27245334,
2018-11-02,0.66333836,2.2894212e-05,
2018-11-03,0.9173034,4.0063967e-14,
2018-11-04,0.24828021,3.1506773e-11,
2018-11-05,0.90187293,0.89207846,
2018-11-06,0.52677715,1.14836305e-20,
2018-11-07,0.28483748,1.0,
2018-11-08,0.23800161,1.0,
2018-11-09,0.8745044,1.6714251e-21,
2018-11-10,0.93850297,2.4729949e-11,
2018-11-11,0.89347655,0.99999994,
2018-11-12,0.5120993,1.4513537e-05,
2018-11-13,0.5058522,1.8100877e-17,
2018-11-14,0.22806685,1.0,
2018-11-15,0.1672139,1.0,
2018-11-16,0.30210817,0.99999803,
2018-11-17,0.68285096,5.6599583e-05,
2018-11-18,0.31343853,1.0,
2018-11-19,0.2167672,1.0,
2018-11-20,0.53285307,1.0,
2018-11-21,0.2903212,1.0,
2018-11-22,0.6880834,2.522346e-16,
2018-11-23,0.24517404,0.99999976,
2018-11-24,0.8755321,0.9959094,
2018-11-25,0.42207122,1.0,
2018-11-26,0.89772844,1.0,
2018-11-27,0.904181,1.0,
2018-11-28,0.8352448,1.0,
2018-11-29,0.23141478,1.0,
2018-11-30,0.50563246,1.0,
2018-12-01,0.14302443,1.0,
2018-12-02,0.22420353,1.0,
2018-12-03,0.59409523,1.0,
2018-12-04,0.30878982,1.0,
2018-12-05,0.1724205,1.0,
2018-12-06,0.5399414,1.0,
2018-12-07,0.82472336,1.0,
2018-12-08,0.8773319,1.0,
2018-12-09,0.18763077,1.0,
2018-12-10,0.24628311,1.0,
2018-12-11,0.6592312,1.0,
2018-12-12,0.13699184,1.0,
2018-12-13,0.23704089,1.0,
2018-12-14,0.13835308,1.0,
2018-12-15,0.9522237,1.0,
2018-12-16,0.9541286,1.0,
2018-12-17,0.8464343,1.0,
2018-12-18,0.9374678,1.0,
2018-12-19,0.94927526,1.0,
2018-12-20,0.1297935,1.0,
2018-12-21,0.8560974,1.0,
2018-12-22,0.078644074,1.0,
2018-12-23,0.6000462,1.0,
2018-12-24,0.11719207,1.0,
2018-12-25,0.87690586,1.0,
2018-12-26,0.25866503,1.0,
2018-12-27,0.5141239,1.0,
2018-12-28,0.1712027,1.0,
2018-12-29,0.7026093,1.0,
2018-12-30,0.41126454,1.0,
2018-12-31,0.8143427,1.0,
2019-01-01,0.5285157,1.0,
2019-01-02,0.62199754,1.0,
2019-01-03,0.82527685,1.0,
2019-01-04,0.42716968,1.0,
2019-01-05,0.7321492,1.0,
2019-01-06,0.22160177,1.0,
2019-01-07,0.19794224,1.0,
2019-01-08,0.37800476,1.0,
2019-01-09,0.4288936,1.0,
2019-01-10,0.82121205,1.0,
2019-01-11,0.39756006,1.0,
2019-01-12,0.51654696,1.0,
2019-01-13,0.6341418,1.0,
2019-01-14,0.31851938,1.0,
2019-01-15,0.6365951,1.0,
2019-01-16,0.58233786,1.0,
2019-01-17,0.58387977,1.0,
2019-01-18,0.6144677,1.0,
2019-01-19,0.46166235,1.0,
2019-01-20,0.40708143,1.0,
2019-01-21,0.524533,1.0,
2019-01-22,0.14981242,1.0,
2019-01-23,0.5848965,1.0,
2019-01-24,0.27566653,1.0,
2019-01-25,0.19684191,1.0,
2019-01-26,0.2074872,1.0,
2019-01-27,0.19571085,1.0,
2019-01-28,0.16861314,1.0,
2019-01-29,0.7834112,1.0,
2019-01-30,0.36788616,1.0,
2019-01-31,0.6748363,1.0,
2019-02-01,0.7867197,1.0,
2019-02-02,0.29943278,1.0,
2019-02-03,0.8150206,1.0,
2019-02-04,0.82787997,1.0,
2019-02-05,0.41119644,1.0,
2019-02-06,0.32893857,1.0,
2019-02-07,0.7262494,1.0,
2019-02-08,0.71926665,1.0,
2019-02-09,0.855531,1.0,
2019-02-10,0.21497221,1.0,
2019-02-11,0.587969,1.0,
2019-02-12,0.42670277,1.0,
2019-02-13,0.38191158,1.0,
2019-02-14,0.7388697,1.0,
2019-02-15,0.92616427,1.0,
2019-02-16,0.883702,1.0,
2019-02-17,0.9545578,1.0,
2019-02-18,0.9574776,1.0,
2019-02-19,0.9574776,1.0,
2019-02-20,0.3292896,1.0,
2019-02-21,0.74538386,1.0,
2019-02-22,0.6030896,1.0,
2019-02-23,0.23526555,1.0,
2019-02-24,0.9352301,1.0,
2019-02-25,0.2074711,1.0,
2019-02-26,0.43902814,1.0,
2019-02-27,0.40767306,1.0,
2019-02-28,0.7146778,1.0,
2019-03-01,0.30218378,1.0,
2019-03-02,0.27394897,1.0,
2019-03-03,0.21874157,0.74866784,
2019-03-04,0.7288219,1.0,
2019-03-05,0.5338131,1.0,
2019-03-06,0.76464385,1.0,
2019-03-07,0.48033,1.0,
2019-03-08,0.6500542,1.0,
2019-03-09,0.3168447,1.0,
2019-03-10,0.5591824,1.0,
2019-03-11,0.5872277,1.0,
2019-03-12,0.41382986,1.0,
2019-03-13,0.73178697,1.0,
2019-03-14,0.7504912,1.0,
2019-03-15,0.7104491,1.0,
2019-03-16,0.49718532,1.0,
2019-03-17,0.8153226,1.0,
2019-03-18,0.68059206,1.0,
2019-03-19,0.7272075,1.0,
2019-03-20,0.6293047,1.0,
2019-03-21,0.7028923,1.0,
2019-03-22,0.8255687,1.0,
2019-03-23,0.4176349,0.9935617,
2019-03-24,0.31634825,0.9975803,
2019-03-25,0.7180051,1.0,
2019-03-26,0.66293854,1.0,
2019-03-27,0.4686362,1.0,
2019-03-28,0.7778245,1.0,
2019-03-29,0.74164736,1.0,
2019-03-30,0.74705255,1.0,
2019-03-31,0.7360377,1.0,
2019-04-01,0.8061669,1.0,
2019-04-02,0.5642337,1.0,
2019-04-03,0.5642337,1.0,
2019-04-04,0.76174146,1.0,
2019-04-05,0.7405646,1.0,
2019-04-06,0.70557505,1.0,
2019-04-07,0.66081417,1.0,
2019-04-08,0.46371368,1.0,
2019-04-09,0.73979276,1.0,
2019-04-10,0.38825446,1.0,
2019-04-11,0.63447285,1.0,
2019-04-12,0.6672497,1.0,
2019-04-13,0.6669603,1.0,
2019-04-14,0.6869264,1.0,
2019-04-15,0.71444005,1.0,
2019-04-16,0.8010726,1.0,
2019-04-17,0.7380381,1.0,
2019-04-18,0.74357396,0.99996084,
2019-04-19,0.7530239,1.0,
2019-04-20,0.48370224,1.0,
2019-04-21,0.71588296,1.0,
2019-04-22,0.6985027,1.0,
2019-04-23,0.34542292,1.0,
2019-04-24,0.40555084,1.0,
2019-04-25,0.5308209,1.0,
2019-04-26,0.430432,1.0,
2019-04-27,0.6731516,1.0,
2019-04-28,0.3578055,0.9999998,
2019-04-29,0.7380381,1.0,
2019-04-30,0.7179056,0.99645704,
2019-05-01,0.4723828,1.0,
2019-05-02,0.8026559,0.999823,
2019-05-03,0.49769798,1.0,
2019-05-04,0.54149055,1.0,
2019-05-05,0.67425454,0.9999846,
2019-05-06,0.82827264,1.0,
2019-05-07,0.64848024,1.0,
2019-05-08,0.67425454,1.0,
2019-05-09,0.778352,1.0,
2019-05-10,0.76014924,1.0,
2019-05-11,0.43780902,1.0,
2019-05-12,0.7858156,1.0,
2019-05-13,0.7534819,1.0,
2019-05-14,0.58950776,1.0,
2019-05-15,0.2413564,1.0,
2019-05-16,0.20446974,1.0,
2019-05-17,0.29580092,1.0,
2019-05-18,0.40994963,1.0,
2019-05-19,0.16548972,1.0,
2019-05-20,0.22597636,1.0,
2019-05-21,0.39015895,1.0,
2019-05-22,0.76613265,1.0,
2019-05-23,0.824493,1.0,
2019-05-24,0.67538345,1.0,
2019-05-25,0.54247373,1.0,
2019-05-26,0.69133264,1.0,
2019-05-27,0.39393556,1.0,
2019-05-28,0.34750018,1.0,
2019-05-29,0.35783765,0.9999994,
2019-05-30,0.532317,1.0,
2019-05-31,0.39611867,1.0,
2019-06-01,0.48632628,1.0,
2019-06-02,0.38848305,1.0,
2019-06-03,0.42372665,1.0,
2019-06-04,0.6702219,1.0,
2019-06-05,0.7644727,1.0,
2019-06-06,0.47831094,0.968903,
2019-06-07,0.3551953,0.00021519321,
2019-06-08,0.24334483,1.0,
2019-06-09,0.65160835,0.9981271,
2019-06-10,0.45754394,1.0,
2019-06-11,0.7182275,1.0,
2019-06-12,0.6708782,1.0,
2019-06-13,0.66409165,1.0,
2019-06-14,0.48979402,1.0,
2019-06-15,0.7354671,1.0,
2019-06-16,0.8263817,1.0,
2019-06-17,0.29470998,1.0,
2019-06-18,0.747561,1.0,
2019-06-19,0.7099727,1.0,
2019-06-20,0.81825686,1.0,
2019-06-21,0.9104044,1.0,
2019-06-22,0.90136534,1.0,
2019-06-23,0.93832326,1.0,
2019-06-24,0.8652225,1.0,
2019-06-25,0.7474806,1.0,
2019-06-26,0.35582352,1.0,
2019-06-27,0.71269786,1.0,
2019-06-28,0.1342358,1.0,
2019-06-29,0.14724867,1.0,
2019-06-30,0.51851034,1.0,
2019-07-01,0.8942892,1.0,
2019-07-02,0.65087414,1.0,
2019-07-03,0.05754534,1.0,
2019-07-04,0.45935827,1.0,
2019-07-05,0.8206689,1.0,
2019-07-06,0.86895525,1.0,
2019-07-07,0.6511311,1.0,
2019-07-08,0.6144752,1.0,
2019-07-09,0.20270316,1.0,
2019-07-10,0.2000831,1.0,
2019-07-11,0.72959846,1.0,
2019-07-12,0.16049348,1.0,
2019-07-13,0.23298264,1.0,
2019-07-14,0.6374395,0.9792222,
2019-07-15,0.69795734,1.0,
2019-07-16,0.55294615,1.6504282e-05,
2019-07-17,0.3324873,0.9998718,
2019-07-18,0.5435741,1.0,
2019-07-19,0.50964487,1.0,
2019-07-20,0.2420986,0.99999326,
2019-07-21,0.38379362,1.0,
2019-07-22,0.42011768,1.0,
2019-07-23,0.12845361,1.0,
2019-07-24,0.1507301,0.17700441,
2019-07-25,0.13145544,1.0,
2019-07-26,0.2637513,1.0,
2019-07-27,0.22421548,1.0155211e-07,
2019-07-28,0.60733974,1.0,
2019-07-29,0.32730597,1.0,
2019-07-30,0.5485981,1.0,
2019-07-31,0.5223331,1.0,
2019-08-01,0.60793465,1.0,
2019-08-02,0.5473729,1.0,
2019-08-03,0.6140216,1.0,
2019-08-04,0.56667155,1.0,
2019-08-05,0.16777676,1.0,
2019-08-06,0.20124526,1.0,
2019-08-07,0.1422832,1.0,
2019-08-08,0.31994584,1.0,
2019-08-09,0.38376108,1.0,
2019-08-10,0.5303412,1.0,
2019-08-11,0.39994103,1.0,
2019-08-12,0.37702408,1.0,
2019-08-13,0.5473288,1.0,
2019-08-14,0.5859961,7.636291e-14,
2019-08-15,0.4267074,1.0,
2019-08-16,0.63516885,1.0,
2019-08-17,0.740381,1.0,
2019-08-18,0.69149905,1.0,
2019-08-19,0.46828875,1.0,
2019-08-20,0.76814926,1.0,
2019-08-21,0.2425938,0.9374598,
2019-08-22,0.41729933,1.0,
2019-08-23,0.536562,0.999996,
2019-08-24,0.41507635,1.0,
2019-08-25,0.29090774,1.0,
2019-08-26,0.3438411,1.0,
2019-08-27,0.5982497,1.0,
2019-08-28,0.29299253,1.0,
2019-08-29,0.25273845,1.0,
2019-08-30,0.26984286,1.0,
2019-08-31,0.24948162,0.0,
2019-09-01,0.40404227,1.0461668e-09,
2019-09-02,0.61398256,1.0,
2019-09-03,0.41078776,1.0,
2019-09-04,0.72921306,1.0,
2019-09-05,0.63642156,1.0,
2019-09-06,0.77940184,1.0,
2019-09-07,0.7502622,0.9999939,
2019-09-08,0.70249313,1.0,
2019-09-09,0.5514588,1.0,
2019-09-10,0.52401567,1.0,
2019-09-11,0.5077835,1.0,
2019-09-12,0.7738337,1.0,
2019-09-13,0.79517746,1.0,
2019-09-14,0.69900155,1.0,
2019-09-15,0.5130612,1.6670318e-28,
2019-09-16,0.5859668,1.0,
2019-09-17,0.5886351,1.0,
2019-09-18,0.4496218,1.0,
2019-09-19,0.37285963,0.99999636,
2019-09-20,0.657024,1.0,
2019-09-21,0.26265725,0.9999951,
2019-09-22,0.4496218,1.0,
2019-09-23,0.3424743,1.0,
2019-09-24,0.97577703,1.0,
2019-09-25,0.84649825,1.2777288e-09,
2019-09-26,0.86184746,1.0888452e-11,
2019-09-27,0.56356674,5.9549656e-15,
2019-09-28,0.87940407,1.0,
2019-09-29,0.8873156,1.0,
2019-09-30,0.76929766,1.0,
2019-10-01,0.35014075,1.0,
2019-10-02,0.71182483,1.0,
2019-10-03,0.8330852,1.0,
2019-10-04,0.58086145,1.0,
2019-10-05,0.71158683,0.9999958,
2019-10-06,0.92142123,1.0,
2019-10-07,0.60594064,1.0,
2019-10-08,0.60746664,1.0,
2019-10-09,0.74105895,1.0,
2019-10-10,0.35824704,1.0,
2019-10-11,0.6840727,1.0,
2019-10-12,0.38422453,1.0,
2019-10-13,0.49675956,1.0,
2019-10-14,0.6547855,1.0,
2019-10-15,0.41310948,1.0,
2019-10-16,0.6704142,1.0,
2019-10-17,0.6491306,1.0,
2019-10-18,0.593064,1.0,
2019-10-19,0.3859942,1.0,
2019-10-20,0.4526934,1.0,
2019-10-21,0.66409165,1.0,
2019-10-22,0.6699953,1.0,
2019-10-23,0.8530223,1.0,
2019-10-24,0.90307707,1.0,
2019-10-25,0.8821415,1.0,
2019-10-26,0.6485938,1.0,
2019-10-27,0.75879765,1.0,
2019-10-28,0.4802443,1.0,
2019-10-29,0.45277208,1.0,
2019-10-30,0.59027815,1.0,
2019-10-31,0.6489737,1.0,
2019-11-01,0.5175382,1.0,
2019-11-02,0.61639,1.0,
2019-11-03,0.5976328,1.0,
2019-11-04,0.42756692,1.0,
2019-11-05,0.42756692,1.0,
2019-11-06,0.5474188,1.0,
2019-11-07,0.4399362,0.999982,
2019-11-08,0.7972284,1.0,
2019-11-09,0.44057557,1.0,
2019-11-10,0.5522201,1.0,
2019-11-11,0.18694982,1.0,
2019-11-12,0.31743088,0.99374866,
2019-11-13,0.36154452,1.0,
2019-11-14,0.48010656,1.0,
2019-11-15,0.22461258,1.0,
2019-11-16,0.21428934,1.0,
2019-11-17,0.31711084,1.0,
2019-11-18,0.73253036,1.0,
2019-11-19,0.7361308,1.0,
2019-11-20,0.9312246,1.0,
2019-11-21,0.86565256,1.0,
2019-11-22,0.86009395,1.0,
2019-11-23,0.8442379,1.0,
2019-11-24,0.92376435,1.0,
2019-11-25,0.87775433,1.0,
2019-11-26,0.80697435,1.0,
2019-11-27,0.64289457,1.0,
2019-11-28,0.7228967,1.0,
2019-11-29,0.6469538,1.0,
2019-11-30,0.36332572,1.0,
2019-12-01,0.5571358,1.0,
2019-12-02,0.27695504,1.0,
2019-12-03,0.5222923,0.99999446,
2019-12-04,0.33473402,1.0,
2019-12-05,0.41860428,1.0,
2019-12-06,0.4753427,1.0,
2019-12-07,0.69867957,1.0,
2019-12-08,0.77459836,1.0,
2019-12-09,0.4100859,1.0,
2019-12-10,0.5461672,1.0,
2019-12-11,0.5762134,1.0,
2019-12-12,0.34392542,1.0,
2019-12-13,0.4266612,1.0,
2019-12-14,0.63634986,1.0,
2019-12-15,0.26298195,1.0,
2019-12-16,0.3102266,1.0,
2019-12-17,0.36953172,1.0,
2019-12-18,0.50557256,1.0,
2019-12-19,0.43317658,1.0,
2019-12-20,0.5726878,0.99999964,
2019-12-21,0.26563781,0.99995685,
2019-12-22,0.36766866,1.0,
2019-12-23,0.3906109,1.0,
2019-12-24,0.31396988,1.0,
2019-12-25,0.396784,1.0,
2019-12-26,0.34541616,1.0,
2019-12-27,0.3928076,1.0,
2019-12-28,0.29180738,1.0,
2019-12-29,0.55802083,1.0,
2019-12-30,0.42101797,1.0,
2019-12-31,0.42128563,1.0,
2020-01-01,0.12719993,1.0,
2020-01-02,0.6015315,0.035430457,
2020-01-03,0.45218468,1.0,
2020-01-04,0.55104816,1.0,
2020-01-05,0.2864803,1.0,
2020-01-06,0.64283305,1.0,
2020-01-07,0.651248,1.0,
2020-01-08,0.68291444,1.0,
2020-01-09,0.503095,1.0,
2020-01-10,0.49175698,1.0,
2020-01-11,0.4937017,1.0,
2020-01-12,0.67295456,1.0,
2020-01-13,0.75500333,1.0,
2020-01-14,0.8182969,1.0,
2020-01-15,0.7157982,1.0,
2020-01-16,0.6374902,1.0,
2020-01-17,0.57615674,1.0,
2020-01-18,0.599523,1.0,
2020-01-19,0.5331261,1.0,
2020-01-20,0.5254561,1.0,
2020-01-21,0.4564439,0.99808,
2020-01-22,0.5396518,1.0,
2020-01-23,0.2396311,1.0,
2020-01-24,0.4610452,1.0,
2020-01-25,0.42411712,1.0,
2020-01-26,0.412037,1.0,
2020-01-27,0.81147355,1.0,
2020-01-28,0.60368705,1.0,
2020-01-29,0.5976037,1.0,
2020-01-30,0.74794376,1.0,
2020-01-31,0.2035446,1.0,
2020-02-01,0.34148684,1.0,
2020-02-02,0.49506587,1.0,
2020-02-03,0.7581367,1.0,
2020-02-04,0.6597216,1.0,
2020-02-05,0.5077742,1.0,
2020-02-06,0.4483724,1.0,
2020-02-07,0.55868536,1.0,
2020-02-08,0.5135907,1.0,
2020-02-09,0.69283026,1.0,
2020-02-10,0.54692835,1.0,
2020-02-11,0.90804785,1.0,
2020-02-12,0.8715964,1.0,
2020-02-13,0.8374109,1.0,
2020-02-14,0.68357116,1.0,
2020-02-15,0.29385185,1.0,
2020-02-16,0.42813298,1.0,
2020-02-17,0.5036371,1.0,
2020-02-18,0.75507945,1.0,
2020-02-19,0.4855004,1.0,
2020-02-20,0.36049378,1.0,
2020-02-21,0.16369645,5.163551e-05,
2020-02-22,0.29400718,1.0,
2020-02-23,0.23197907,1.0,
2020-02-24,0.36049378,1.0,
2020-02-25,0.5069727,1.0,
2020-02-26,0.9024482,1.0,
2020-02-27,0.5032869,1.0,
2020-02-28,0.4299373,1.0,
2020-02-29,0.4238077,0.99999964,
2020-03-01,0.4090736,1.0,
2020-03-02,0.60789657,1.0,
2020-03-03,0.70524585,1.0,
2020-03-04,0.21696661,0.9999733,
2020-03-05,0.6468342,1.0,
2020-03-06,0.33406347,1.0,
2020-03-07,0.21935177,1.0,
2020-03-08,0.8494914,1.0,
2020-03-09,0.9098459,1.0,
2020-03-10,0.8946409,1.0,
2020-03-11,0.61009556,1.0,
2020-03-12,0.94529974,0.0,
2020-03-13,0.86911756,0.0,
2020-03-14,0.90928304,0.9998244,
2020-03-15,0.83951974,1.0,
2020-03-16,0.9788113,1.0,
2020-03-17,0.8693984,1.0,
2020-03-18,0.7868291,1.0,
2020-03-19,0.7554103,1.0,
2020-03-20,0.77435374,1.0,
2020-03-21,0.77435374,1.0,
2020-03-22,0.80267626,1.0,
2020-03-23,0.84041625,1.0,
2020-03-24,0.66498643,1.0,
2020-03-25,0.57418746,1.0,
2020-03-26,0.53259474,1.0,
2020-03-27,0.7229942,1.0,
2020-03-28,0.9182993,1.0,
2020-03-29,0.89063275,1.0,
2020-03-30,0.88106424,1.0,
2020-03-31,0.8425836,1.0,
2020-04-01,0.31175596,1.0,
2020-04-02,0.48876327,1.0,
2020-04-03,0.29112384,1.0,
2020-04-04,0.4706384,1.0,
2020-04-05,0.75392336,1.0,
2020-04-06,0.70075685,1.0,
2020-04-07,0.5067246,1.0,
2020-04-08,0.5791852,1.0,
2020-04-09,0.26477608,1.0,
2020-04-10,0.20710751,1.0,
2020-04-11,0.2933418,1.0,
2020-04-12,0.41297948,1.0,
2020-04-13,0.30040616,1.0,
2020-04-14,0.2933298,1.0,
2020-04-15,0.2983063,1.0,
2020-04-16,0.5332311,1.0,
2020-04-17,0.34899643,1.0,
2020-04-18,0.44247416,1.0,
2020-04-19,0.2757337,1.0,
2020-04-20,0.5444074,1.0,
2020-04-21,0.3990506,1.0,
2020-04-22,0.3106082,1.0,
2020-04-23,0.25975326,1.0,
2020-04-24,0.6401818,1.0,
2020-04-25,0.6097147,1.0,
2020-04-26,0.6823188,1.0,
2020-04-27,0.44343504,1.0,
2020-04-28,0.57222015,1.0,
2020-04-29,0.52997386,1.0,
2020-04-30,0.53275675,1.0,
2020-05-01,0.7908626,1.0,
2020-05-02,0.66503596,1.0,
2020-05-03,0.8504796,1.0,
2020-05-04,0.6741234,1.0,
2020-05-05,0.7096259,1.0,
2020-05-06,0.8843432,1.0,
2020-05-07,0.76988095,1.0,
2020-05-08,0.6770362,1.0,
2020-05-09,0.77304626,1.0,
2020-05-10,0.7477593,1.0,
2020-05-11,0.6496513,1.0,
2020-05-12,0.8419538,1.0,
2020-05-13,0.8909082,1.0,
2020-05-14,0.6915525,1.0,
2020-05-15,0.86482483,1.0,
2020-05-16,0.7574341,1.0,
2020-05-17,0.375962,1.0,
2020-05-18,0.50161904,1.0,
2020-05-19,0.6316252,1.0,
2020-05-20,0.7015334,1.0,
2020-05-21,0.8165023,1.0,
2020-05-22,0.7607245,1.0,
2020-05-23,0.49044085,1.0,
2020-05-24,0.6076718,1.0,
2020-05-25,0.7972284,1.0,
2020-05-26,0.7149307,1.0,
2020-05-27,0.44504434,1.0,
2020-05-28,0.49578542,1.0,
2020-05-29,0.6924929,1.0,
2020-05-30,0.6924929,1.0,
2020-05-31,0.22711425,1.0,
2020-06-01,0.8664783,1.0,
2020-06-02,0.5359556,1.0,
2020-06-03,0.26887852,1.0,
2020-06-04,0.29385185,1.0,
2020-06-05,0.26887852,1.0,
2020-06-06,0.49712002,1.0,
2020-06-07,0.3684461,1.0,
2020-06-08,0.32367873,1.0,
2020-06-09,0.19831082,1.0,
2020-06-10,0.193767,1.0,
2020-06-11,0.692171,1.0,
2020-06-12,0.4855004,1.0,
2020-06-13,0.23527817,1.0,
2020-06-14,0.44613582,1.0,
2020-06-15,0.66874623,1.0,
2020-06-16,0.4855004,1.0,
2020-06-17,0.3223484,1.0,
2020-06-18,0.31763154,1.0,
2020-06-19,0.1340798,1.0,
2020-06-20,0.47673002,1.0,
2020-06-21,0.27149242,1.0,
2020-06-22,0.36049378,1.0,
2020-06-23,0.2521041,1.0,
2020-06-24,0.5069727,1.0,
2020-06-25,0.4855004,1.0,
2020-06-26,0.71415883,1.0,
2020-06-27,0.3532975,1.0,
2020-06-28,0.80746937,1.0,
2020-06-29,0.61576515,0.999993,
2020-06-30,0.6186444,1.0,
2020-07-01,0.4837905,1.0,
2020-07-02,0.4742334,1.0,
2020-07-03,0.7398396,1.0,
2020-07-04,0.68354464,1.0,
2020-07-05,0.6822006,1.0,
2020-07-06,0.5303018,1.0,
2020-07-07,0.4537161,1.0,
2020-07-08,0.6924929,1.0,
2020-07-09,0.27861205,1.0,
2020-07-10,0.38795,1.0,
2020-07-11,0.43864682,1.0,
2020-07-12,0.59398407,1.0,
2020-07-13,0.38744208,1.0,
2020-07-14,0.328836,1.0,
2020-07-15,0.41079608,1.0,
2020-07-16,0.56019145,1.0,
2020-07-17,0.5961549,1.0,
2020-07-18,0.47780704,1.0,
2020-07-19,0.43864682,1.0,
2020-07-20,0.46229717,1.0,
2020-07-21,0.6924929,1.0,
2020-07-22,0.6109509,1.0,
2020-07-23,0.6475927,1.0,
2020-07-24,0.40650222,1.0,
2020-07-25,0.3976419,1.0,
2020-07-26,0.3177809,1.0,
2020-07-27,0.84763944,1.0,
2020-07-28,0.72327876,1.0,
2020-07-29,0.7438617,1.0,
2020-07-30,0.8441548,1.0,
2020-07-31,0.5893507,1.0,
2020-08-01,0.1964223,1.0,
2020-08-02,0.3841901,1.0,
2020-08-03,0.5517959,1.0,
2020-08-04,0.5517959,1.0,
2020-08-05,0.13887633,1.0,
2020-08-06,0.37129453,1.0,
2020-08-07,0.12987794,1.0,
2020-08-08,0.31179297,1.0,
2020-08-09,0.35364363,1.0,
2020-08-10,0.07279786,1.0,
2020-08-11,0.51106423,1.0,
2020-08-12,0.28429046,1.0,
2020-08-13,0.07063215,1.0,
2020-08-14,0.2825936,1.0,
2020-08-15,0.1595541,1.0,
2020-08-16,0.29631495,1.0,
2020-08-17,0.10980317,1.0,
2020-08-18,0.11629174,1.0,
2020-08-19,0.22480907,1.0,
2020-08-20,0.42562848,1.0,
2020-08-21,0.30004868,1.0,
2020-08-22,0.51638013,1.0,
2020-08-23,0.44415104,1.0,
2020-08-24,0.32988784,1.0,
2020-08-25,0.59100217,1.0,
2020-08-26,0.22672394,1.0,
2020-08-27,0.72409225,1.0,
2020-08-28,0.3660255,1.0,
2020-08-29,0.763696,1.0,
2020-08-30,0.39966762,1.0,
2020-08-31,0.30314466,1.0,
2020-09-01,0.17533788,1.0,
2020-09-02,0.5480098,1.0,
2020-09-03,0.67590845,1.0,
2020-09-04,0.87163496,1.0,
2020-09-05,0.76015025,1.0,
2020-09-06,0.6444103,1.0,
2020-09-07,0.6444103,1.0,
2020-09-08,0.42873648,1.0,
2020-09-09,0.5756804,0.9999999,
2020-09-10,0.660507,1.0,
2020-09-11,0.42473456,1.0,
2020-09-12,0.46352488,1.0,
2020-09-13,0.34303695,1.0,
2020-09-14,0.69238967,1.0,
2020-09-15,0.7294136,1.0,
2020-09-16,0.7743386,1.0,
2020-09-17,0.6118368,1.0,
2020-09-18,0.3035426,1.0,
2020-09-19,0.49735028,1.0,
2020-09-20,0.40254882,1.0,
2020-09-21,0.57983077,1.0,
2020-09-22,0.29071653,1.0,
2020-09-23,0.681423,1.0,
2020-09-24,0.770286,1.0,
2020-09-25,0.42171356,0.9988223,
2020-09-26,0.5968323,0.9999997,
2020-09-27,0.46398914,1.0,
2020-09-28,0.681423,1.0,
2020-09-29,0.42618406,1.0,
2020-09-30,0.43365628,1.0,
2020-10-01,0.74785656,1.0,
2020-10-02,0.74785656,1.0,
2020-10-03,0.41352755,1.0,
2020-10-04,0.69149905,1.0,
2020-10-05,0.4580124,1.0,
2020-10-06,0.70044905,0.99999994,
2020-10-07,0.61011153,1.0,
2020-10-08,0.770286,1.0,
2020-10-09,0.1849848,1.0,
2020-10-10,0.449938,1.0,
2020-10-11,0.5506136,0.9999628,
2020-10-12,0.2999062,1.0,
2020-10-13,0.41039675,1.0,
2020-10-14,0.36135712,1.0,
2020-10-15,0.24328187,1.0,
2020-10-16,0.41295525,0.9999275,
2020-10-17,0.60973,1.0,
2020-10-18,0.60973,1.0,
2020-10-19,0.2785754,1.0,
2020-10-20,0.26986322,1.0,
2020-10-21,0.1809701,1.0,
2020-10-22,0.1356543,1.0,
2020-10-23,0.33051044,1.0,
2020-10-24,0.50673944,1.0,
2020-10-25,0.5110383,1.0,
2020-10-26,0.36514083,1.0,
2020-10-27,0.158917,1.0,
2020-10-28,0.34541544,1.0,
2020-10-29,0.19623418,1.0,
2020-10-30,0.161598,1.0,
2020-10-31,0.18941239,1.0,
2020-11-01,0.58987254,1.0,
2020-11-02,0.21398412,1.0,
2020-11-03,0.20206676,1.0,
2020-11-04,0.23877263,1.0,
2020-11-05,0.09640413,1.0,
2020-11-06,0.14205636,1.0,
2020-11-07,0.15496345,1.0,
2020-11-08,0.3202459,1.0,
2020-11-09,0.42596275,1.0,
2020-11-10,0.55947685,1.0,
2020-11-11,0.049213365,1.0,
2020-11-12,0.031839043,1.0,
2020-11-13,0.04383978,1.0,
2020-11-14,0.09748349,1.0,
2020-11-15,0.23702638,1.0,
2020-11-16,0.044558838,1.0,
2020-11-17,0.057567284,1.0,
2020-11-18,0.057567284,1.0,
2020-11-19,0.04332668,1.0,
2020-11-20,0.024484295,1.0,
2020-11-21,0.006686641,1.0,
2020-11-22,0.00862331,1.0,
2020-11-23,0.007410769,1.0,
2020-11-24,0.012484172,1.0,
2020-11-25,0.021266773,1.0,
2020-11-26,0.050247964,1.0,
2020-11-27,0.030298728,1.0,
2020-11-28,0.016702816,1.0,
2020-11-29,0.043437615,1.0,
2020-11-30,0.019283574,1.0,
2020-12-01,0.050247964,1.0,
2020-12-02,0.008712682,1.0,
2020-12-03,0.010513518,1.0,
2020-12-04,0.018001776,1.0,
2020-12-05,0.099275075,1.0,
2020-12-06,0.0929495,1.0,
2020-12-07,0.08574673,1.0,
2020-12-08,0.027468996,1.0,
2020-12-09,0.015963586,2.8706703e-13,
2020-12-10,0.054996688,1.0,
2020-12-11,0.030298728,1.0,
2020-12-12,0.073085085,1.0,
2020-12-13,0.054996688,1.0,
2020-12-14,0.037635718,1.0,
2020-12-15,0.054996688,1.0,
2020-12-16,0.031607352,1.0,
2020-12-17,0.019283574,1.0,
2020-12-18,0.00862331,1.0,
2020-12-19,0.018453443,1.0,
2020-12-20,0.011479106,1.0,
2020-12-21,0.024484295,1.0,
2020-12-22,0.018453443,1.0,
2020-12-23,0.019283574,1.0,
2020-12-24,0.007173373,1.0,
2020-12-25,0.00862331,1.0,
2020-12-26,0.0053265835,1.0,
2020-12-27,0.01451468,1.0,
2020-12-28,0.007410769,1.0,
2020-12-29,0.00616344,1.0,
2020-12-30,0.006197664,1.0,
2020-12-31,0.00862331,1.0,
2021-01-01,0.020080034,1.0,
2021-01-02,0.012484172,1.0,
2021-01-03,0.012484172,1.0,
2021-01-04,0.012484172,1.0,
2021-01-05,0.012484172,1.0,
2021-01-06,0.01193702,1.0,
2021-01-07,0.01193702,1.0,
2021-01-08,0.01193702,1.0,
2021-01-09,0.006686641,1.0,
2021-01-10,0.01451468,1.0,
2021-01-11,0.019283574,1.0,
2021-01-12,0.031607352,2.6132013e-21,
2021-01-13,0.023617266,1.0,
2021-01-14,0.008260273,1.0,
2021-01-15,0.01815807,1.0,
2021-01-16,0.06326099,1.0,
2021-01-17,0.030298728,1.0,
2021-01-18,0.008019289,1.0,
2021-01-19,0.030298728,1.0,
2021-01-20,0.029895011,1.0,
2021-01-21,0.013426296,0.0,
2021-01-22,0.018879855,0.0,
2021-01-23,0.025590327,1.0,
2021-01-24,0.032663528,1.0,
2021-01-25,0.06675662,1.0,
2021-01-26,0.0149377715,1.0,
2021-01-27,0.007975128,1.0,
2021-01-28,0.028574005,1.0,
2021-01-29,0.044704568,1.0,
2021-01-30,0.0149377715,1.0,
2021-01-31,0.032143604,1.0,
2021-02-01,0.013432166,1.0,
2021-02-02,0.015963586,1.0,
2021-02-03,0.030298728,1.0,
2021-02-04,0.024484295,0.9998464,
2021-02-05,0.015124838,1.0,
2021-02-06,0.008260273,0.99996424,
2021-02-07,0.011479106,1.0,
2021-02-08,0.01451468,1.0,
2021-02-09,0.01451468,4.928489e-10,
2021-02-10,0.006200246,1.0,
2021-02-11,0.018453443,1.0,
2021-02-12,0.018453443,1.0,
2021-02-13,0.022992656,1.0,
2021-02-14,0.007410769,1.0,
2021-02-15,0.00862331,1.0,
2021-02-16,0.018453443,1.0,
2021-02-17,0.00862331,1.0,
2021-02-18,0.020080034,1.0,
2021-02-19,0.007410769,1.0,
2021-02-20,0.007410769,1.0,
2021-02-21,0.01728461,1.0,
2021-02-22,0.023617266,1.0,
2021-02-23,0.050247964,1.0,
2021-02-24,0.01864278,1.0,
2021-02-25,0.015963586,1.0,
2021-02-26,0.02673453,1.0,
2021-02-27,0.018180408,1.0,
2021-02-28,0.026893815,1.0,
2021-03-01,0.030298728,1.0,
2021-03-02,0.024609162,1.0,
2021-03-03,0.011766098,1.0,
2021-03-04,0.0149377715,1.0,
2021-03-05,0.011236903,1.0,
2021-03-06,0.028347606,0.0,
2021-03-07,0.032663528,1.0,
2021-03-08,0.018180408,1.0,
2021-03-09,0.007767475,1.0,
2021-03-10,0.018911364,1.0,
2021-03-11,0.011479106,1.0,
2021-03-12,0.011479106,1.0,
2021-03-13,0.00862331,1.0,
2021-03-14,0.026628038,0.0,
2021-03-15,0.0077730557,1.0,
2021-03-16,0.014084039,1.0,
2021-03-17,0.012968763,1.0,
2021-03-18,0.012329799,1.0,
2021-03-19,0.026628038,0.0,
2021-03-20,0.04930665,0.0,
2021-03-21,0.018048467,0.0,
2021-03-22,0.054996688,1.0,
2021-03-23,0.029329725,0.9981376,
2021-03-24,0.026893815,1.0,
2021-03-25,0.028574005,1.0,
2021-03-26,0.027468996,1.0,
2021-03-27,0.032663528,0.0,
2021-03-28,0.1220142,0.0,
2021-03-29,0.046342283,1.0,
2021-03-30,0.054996688,0.0,
2021-03-31,0.03579408,0.0,
2021-04-01,0.07665096,0.0,
2021-04-02,0.07665096,0.0,
2021-04-03,0.037635718,0.0,
2021-04-04,0.08574673,0.0,
2021-04-05,0.032557476,0.0,
2021-04-06,0.022380874,0.0,
2021-04-07,0.0099459365,1.0,
2021-04-08,0.086203404,0.0,
2021-04-09,0.061471332,0.0,
2021-04-10,0.010124154,1.0,
2021-04-11,0.10002264,0.0,
2021-04-12,0.016107082,0.0,
2021-04-13,0.018911364,1.0,
2021-04-14,0.010804105,1.0,
2021-04-15,0.017527005,0.0,
2021-04-16,0.06326099,1.0,
2021-04-17,0.016107082,0.0,
2021-04-18,0.025034202,1.0,
2021-04-19,0.019749228,1.0,
2021-04-20,0.0149377715,1.0,
2021-04-21,0.023040805,0.0,
2021-04-22,0.008085431,0.0,
2021-04-23,0.017608702,1.0,
2021-04-24,0.029646212,0.0,
2021-04-25,0.061839584,0.0,
2021-04-26,0.028574005,0.0,
2021-04-27,0.023323143,0.0,
2021-04-28,0.030493207,0.0,
2021-04-29,0.025778688,0.0,
2021-04-30,0.032143604,0.0,
2021-05-01,0.07070908,0.0,
2021-05-02,0.074769795,0.0,
2021-05-03,0.054996688,0.0,
2021-05-04,0.026893815,0.0,
2021-05-05,0.030298728,1.0,
2021-05-06,0.010451559,6.095413e-06,
2021-05-07,0.010804105,1.0,
2021-05-08,0.011726792,4.4198945e-20,
2021-05-09,0.011726792,2.383973e-08,
2021-05-10,0.07482031,0.0,
2021-05-11,0.046342283,0.0,
2021-05-12,0.014244806,0.0,
2021-05-13,0.044704568,1.0,
2021-05-14,0.011236903,0.0,
2021-05-15,0.020378409,0.0,
2021-05-16,0.017608702,1.0,
2021-05-17,0.029269794,1.0,
2021-05-18,0.013426296,1.0,
2021-05-19,0.08623508,0.0,
2021-05-20,0.05193386,0.0,
2021-05-21,0.14931902,0.0,
2021-05-22,0.06267601,1.0,
2021-05-23,0.08623508,0.0,
2021-05-24,0.029269794,1.0,
2021-05-25,0.05193386,1.0,
2021-05-26,0.0075354744,1.0,
2021-05-27,0.026667917,0.0,
2021-05-28,0.026523199,1.0,
2021-05-29,0.013426296,1.0,
2021-05-30,0.010474848,0.0,
2021-05-31,0.028574005,1.0,
2021-06-01,0.011236903,0.0,
2021-06-02,0.046342283,0.0,
2021-06-03,0.011766098,0.0,
2021-06-04,0.040296145,1.0,
2021-06-05,0.013755835,0.0,
2021-06-06,0.07665096,0.0,
2021-06-07,0.011236903,0.0,
2021-06-08,0.018879855,1.0,
2021-06-09,0.025034202,1.0,
2021-06-10,0.025034202,1.0,
2021-06-11,0.030298728,0.0,
2021-06-12,0.07482031,1.0,
2021-06-13,0.06326099,1.0,
2021-06-14,0.050247964,1.8985304e-09,
2021-06-15,0.014752132,0.0,
2021-06-16,0.07482031,1.0,
2021-06-17,0.011766098,0.0,
2021-06-18,0.011769055,1.0,
2021-06-19,0.023390368,0.0,
2021-06-20,0.049055383,1.0,
2021-06-21,0.025034202,0.0,
2021-06-22,0.02673453,1.8369512e-14,
2021-06-23,0.022534225,1.0,
2021-06-24,0.03776676,1.0,
2021-06-25,0.018879855,1.0,
2021-06-26,0.044704568,1.0,
2021-06-27,0.011239721,1.0,
2021-06-28,0.011236903,1.0,
2021-06-29,0.028574005,1.0,
2021-06-30,0.019749228,1.0,
2021-07-01,0.010344718,1.0,
2021-07-02,0.048956413,0.0,
2021-07-03,0.049359795,0.0,
2021-07-04,0.09437577,0.0,
2021-07-05,0.046342283,0.0,
2021-07-06,0.054996688,0.0,
2021-07-07,0.03579408,0.0,
2021-07-08,0.032143604,1.0,
2021-07-09,0.046875607,0.0,
2021-07-10,0.14383043,0.0,
2021-07-11,0.09281195,0.0,
2021-07-12,0.096963815,0.0,
2021-07-13,0.036295954,0.0,
2021-07-14,0.037961107,0.0,
2021-07-15,0.048956413,0.0,
2021-07-16,0.043746583,0.0,
2021-07-17,0.055228386,0.0,
2021-07-18,0.042070113,0.0,
2021-07-19,0.0354517,0.0,
2021-07-20,0.029646212,0.0,
2021-07-21,0.026893815,1.0,
2021-07-22,0.037635718,0.0,
2021-07-23,0.03579408,0.0,
2021-07-24,0.06770418,0.0,
2021-07-25,0.07665096,0.0,
2021-07-26,0.023617266,1.0,
2021-07-27,0.024484295,1.0,
2021-07-28,0.008260273,1.2164257e-08,
2021-07-29,0.020080034,1.0,
2021-07-30,0.007410769,1.0,
2021-07-31,0.037396085,1.0,
2021-08-01,0.026628038,1.0,
2021-08-02,0.026628038,1.0,
2021-08-03,0.026628038,1.0,
2021-08-04,0.026628038,1.0,
2021-08-05,0.011479106,1.0,
2021-08-06,0.011479106,1.0,
2021-08-07,0.012749899,1.0,
2021-08-08,0.009553613,1.0,
2021-08-09,0.011479106,1.0,
2021-08-10,0.032557476,1.0,
2021-08-11,0.032557476,1.0,
2021-08-12,0.022380874,1.0,
2021-08-13,0.05057893,1.0,
2021-08-14,0.0792668,1.0,
2021-08-15,0.06275215,0.0,
2021-08-16,0.026628038,1.0,
2021-08-17,0.032557476,1.0,
2021-08-18,0.043437615,1.0,
2021-08-19,0.032557476,1.0,
2021-08-20,0.032557476,1.0,
2021-08-21,0.048286118,0.0014662315,
2021-08-22,0.08256212,0.0,
2021-08-23,0.022380874,1.0,
2021-08-24,0.054996688,1.0,
2021-08-25,0.040462513,0.0,
2021-08-26,0.073085085,1.0,
2021-08-27,0.08574673,0.0,
2021-08-28,0.07405685,0.0,
2021-08-29,0.13747476,0.0,
2021-08-30,0.10733637,0.0,
2021-08-31,0.073085085,1.2218657e-37,
2021-09-01,0.022380874,2.01386e-13,
2021-09-02,0.027131911,1.0,
2021-09-03,0.054996688,1.0,
2021-09-04,0.14383043,0.0,
2021-09-05,0.045602296,0.0,
2021-09-06,0.0298714,0.0,
2021-09-07,0.019761799,1.0,
2021-09-08,0.04121107,1.0,
2021-09-09,0.029329725,0.0,
2021-09-10,0.043746583,0.0,
2021-09-11,0.10922101,0.0,
2021-09-12,0.19071867,0.0,
2021-09-13,0.04121107,1.0,
2021-09-14,0.054188512,0.0,
2021-09-15,0.06607195,0.0,
2021-09-16,0.08888055,0.0,
2021-09-17,0.19896801,0.0,
2021-09-18,0.14100254,0.0,
2021-09-19,0.10922101,0.0,
2021-09-20,0.017495774,0.0,
2021-09-21,0.010474848,0.0,
2021-09-22,0.048956413,0.0,
2021-09-23,0.03685664,0.0,
2021-09-24,0.0149377715,0.0,
2021-09-25,0.13278915,0.0,
2021-09-26,0.048956413,0.0,
2021-09-27,0.1220142,0.0,
2021-09-28,0.04238409,0.0,
2021-09-29,0.082542494,0.0,
2021-09-30,0.04513892,0.0,
2021-10-01,0.046342283,0.0,
2021-10-02,0.114944585,0.0,
2021-10-03,0.1682823,0.0,
2021-10-04,0.0792668,0.0,
2021-10-05,0.026628038,0.0,
2021-10-06,0.012749899,1.0,
2021-10-07,0.026628038,0.0,
2021-10-08,0.054534122,0.0,
2021-10-09,0.020080034,0.0,
2021-10-10,0.027155276,1.0,
2021-10-11,0.01728461,0.0,
2021-10-12,0.020080034,0.0,
2021-10-13,0.01728461,0.0,
2021-10-14,0.055656344,0.0,
2021-10-15,0.00862331,1.0,
2021-10-16,0.051949773,0.0,
2021-10-17,0.047854234,0.0,
2021-10-18,0.020080034,0.0,
2021-10-19,0.020080034,0.0,
2021-10-20,0.029525794,0.0,
2021-10-21,0.009553613,1.0,
2021-10-22,0.043437615,0.0,
2021-10-23,0.12260646,1.0,
2021-10-24,0.06907422,0.0,
2021-10-25,0.0667839,0.0,
2021-10-26,0.045602296,0.0,
2021-10-27,0.054996688,1.0,
2021-10-28,0.054996688,0.0,
2021-10-29,0.09437577,0.0,
2021-10-30,0.13747476,0.0,
2021-10-31,0.06900615,0.0,
2021-11-01,0.033092972,0.0,
2021-11-02,0.037635718,0.0,
2021-11-03,0.14012788,0.0,
2021-11-04,0.046052113,0.0,
2021-11-05,0.11165854,0.0,
2021-11-06,0.06126904,0.0,
2021-11-07,0.076437354,0.0,
2021-11-08,0.022221884,0.0,
2021-11-09,0.059974957,0.0,
2021-11-10,0.015124838,0.0,
2021-11-11,0.09179309,0.0,
2021-11-12,0.06773037,0.0,
2021-11-13,0.04674078,0.0,
2021-11-14,0.060793176,0.0,
2021-11-15,0.085914604,0.0,
2021-11-16,0.026893815,1.0,
2021-11-17,0.10932369,0.0,
2021-11-18,0.032663528,0.0,
2021-11-19,0.048956413,0.0,
2021-11-20,0.0775053,0.0,
2021-11-21,0.08808077,0.0,
2021-11-22,0.1498962,0.0,
2021-11-23,0.050250385,0.0,
2021-11-24,0.025998838,0.0,
2021-11-25,0.036295954,0.0,
2021-11-26,0.019549858,0.0,
2021-11-27,0.102502905,0.0,
2021-11-28,0.058468778,0.0,
2021-11-29,0.046061978,0.0,
2021-11-30,0.06519521,0.0,
2021-12-01,0.097000144,0.0,
2021-12-02,0.08500164,0.0,
2021-12-03,0.038880147,0.0,
2021-12-04,0.014855713,1.0,
2021-12-05,0.026456218,0.0,
2021-12-06,0.032663528,0.0,
2021-12-07,0.036370866,0.0,
2021-12-08,0.036370866,0.0,
2021-12-09,0.045812286,0.0,
2021-12-10,0.047100876,0.0,
2021-12-11,0.059983507,0.0,
2021-12-12,0.04393907,0.0,
2021-12-13,0.07414823,0.0,
2021-12-14,0.025998838,0.0,
2021-12-15,0.023323143,0.0,
2021-12-16,0.0639409,0.0,
2021-12-17,0.039594337,0.0,
2021-12-18,0.13751307,0.0,
2021-12-19,0.1686412,0.0,
2021-12-20,0.058468778,0.0,
2021-12-21,0.105077446,0.0,
2021-12-22,0.07870361,0.0,
2021-12-23,0.039127294,0.0,
2021-12-24,0.08467856,0.0,
2021-12-25,0.070702344,0.0,
2021-12-26,0.076437354,0.0,
2021-12-27,0.09384171,0.0,
2021-12-28,0.033092972,0.0,
2021-12-29,0.06271535,0.0,
2021-12-30,0.087022506,0.0,
2021-12-31,0.116982564,0.0,
2022-01-01,0.070702344,0.0,
2022-01-02,0.052312307,0.0,
2022-01-03,0.06331026,0.0,
2022-01-04,0.058468778,0.0,
2022-01-05,0.030493207,0.0,
2022-01-06,0.12498796,0.0,
2022-01-07,0.0686742,0.0,
2022-01-08,0.4804396,0.0,
2022-01-09,0.35957727,0.0,
2022-01-10,0.1498962,0.0,
2022-01-11,0.06430948,0.0,
2022-01-12,0.05905197,0.0,
2022-01-13,0.08661356,0.0,
2022-01-14,0.08808077,0.0,
2022-01-15,0.062440764,0.0,
2022-01-16,0.05676351,0.0,
2022-01-17,0.05078785,0.0,
2022-01-18,0.046319626,0.0,
2022-01-19,0.08808077,0.0,
2022-01-20,0.036295954,0.0,
2022-01-21,0.04405924,1.0,
2022-01-22,0.07726355,1.0,
2022-01-23,0.039924398,0.0,
2022-01-24,0.026667917,1.0,
2022-01-25,0.060832817,0.0,
2022-01-26,0.11077226,0.0,
2022-01-27,0.050250385,0.0,
2022-01-28,0.041015517,0.0,
2022-01-29,0.05676351,0.0,
2022-01-30,0.05676351,0.0,
2022-01-31,0.058468778,0.0,
2022-02-01,0.0923975,0.0,
2022-02-02,0.05468077,0.0,
2022-02-03,0.08808077,0.0,
2022-02-04,0.012329799,0.0,
2022-02-05,0.11232713,0.0,
2022-02-06,0.06854297,0.0,
2022-02-07,0.020080034,0.0,
2022-02-08,0.009264354,0.0,
2022-02-09,0.08242673,0.0,
2022-02-10,0.026628038,1.5974178e-21,
2022-02-11,0.059974957,0.0,
2022-02-12,0.095954835,0.0,
2022-02-13,0.051492985,0.0,
2022-02-14,0.10930491,0.0,
2022-02-15,0.06287811,0.0,
2022-02-16,0.0776468,0.0,
2022-02-17,0.021947712,0.0,
2022-02-18,0.16345043,0.0,
2022-02-19,0.046452947,0.0,
2022-02-20,0.08808077,0.0,
2022-02-21,0.061839584,0.0,
2022-02-22,0.023323143,3.6913067e-23,
2022-02-23,0.030583683,0.0,
2022-02-24,0.017608702,1.0,
2022-02-25,0.032663528,0.0,
2022-02-26,0.059983507,0.0,
2022-02-27,0.037961107,0.0,
2022-02-28,0.030298728,0.0,
2022-03-01,0.03579408,1.0,
2022-03-02,0.03579408,1.0,
2022-03-03,0.054996688,1.0,
2022-03-04,0.021695223,0.0,
2022-03-05,0.114944585,0.0,
2022-03-06,0.06900615,0.0,
2022-03-07,0.054996688,0.0,
2022-03-08,0.03579408,1.0,
2022-03-09,0.016702816,1.0,
2022-03-10,0.02793583,0.0,
2022-03-11,0.029329725,3.577203e-24,
2022-03-12,0.06126904,0.0,
2022-03-13,0.11165854,0.0,
2022-03-14,0.04513892,0.0,
2022-03-15,0.037961107,0.0,
2022-03-16,0.06675662,1.0,
2022-03-17,0.105077446,0.0,
2022-03-18,0.028059492,0.0,
2022-03-19,0.040162325,0.0,
2022-03-20,0.058001637,0.0,
2022-03-21,0.028212186,0.0,
2022-03-22,0.022380874,1.0,
2022-03-23,0.10733637,0.0,
2022-03-24,0.026628038,1.0,
2022-03-25,0.026628038,1.0,
2022-03-26,0.06206081,0.0,
2022-03-27,0.043258976,0.0,
2022-03-28,0.01728461,1.0,
2022-03-29,0.047076527,0.0,
2022-03-30,0.047756836,0.0,
2022-03-31,0.02741269,0.0,
2022-04-01,0.026628038,1.0,
2022-04-02,0.11276601,0.0,
2022-04-03,0.10215838,0.0,
2022-04-04,0.04930665,0.0,
2022-04-05,0.10002264,0.0,
2022-04-06,0.03579408,1.0,
2022-04-07,0.06382868,0.0,
2022-04-08,0.12178518,0.0,
2022-04-09,0.10368408,0.0,
2022-04-10,0.062440764,0.0,
2022-04-11,0.17438328,0.99999994,
2022-04-12,0.17438328,1.0,
2022-04-13,0.037208986,0.0,
2022-04-14,0.04640563,0.0,
2022-04-15,0.05676351,0.0,
2022-04-16,0.03226857,0.0,
2022-04-17,0.08209089,0.0,
2022-04-18,0.023323143,0.0,
2022-04-19,0.058468778,0.0,
2022-04-20,0.12178518,0.0,
2022-04-21,0.032663528,0.0,
2022-04-22,0.037961107,0.0,
2022-04-23,0.047759484,0.0,
2022-04-24,0.0462274,0.0,
2022-04-25,0.054996688,0.0,
2022-04-26,0.047603976,0.0,
2022-04-27,0.05648002,0.0,
2022-04-28,0.03579408,0.0,
2022-04-29,0.05648002,0.0,
2022-04-30,0.058468778,0.0,
2022-05-01,0.07084978,0.0,
2022-05-02,0.032663528,0.0,
2022-05-03,0.043041036,0.0,
2022-05-04,0.048956413,0.0,
2022-05-05,0.028574005,1.0,
2022-05-06,0.013472711,0.0,
2022-05-07,0.0923975,0.0,
2022-05-08,0.009642578,0.0,
2022-05-09,0.05193386,0.0,
2022-05-10,0.013426296,0.0,
2022-05-11,0.07383739,0.0,
2022-05-12,0.14931902,0.0,
2022-05-13,0.022677885,1.0,
2022-05-14,0.045627568,0.0,
2022-05-15,0.027148355,0.0,
2022-05-16,0.017495774,1.0,
2022-05-17,0.023323143,0.0,
2022-05-18,0.17438328,0.0,
2022-05-19,0.025590327,5.0994963e-17,
2022-05-20,0.023323143,0.0,
2022-05-21,0.0446324,0.0,
2022-05-22,0.058468778,0.0,
2022-05-23,0.021695223,0.0,
2022-05-24,0.027468996,0.0,
2022-05-25,0.054996688,0.0,
2022-05-26,0.019546187,1.0,
2022-05-27,0.029895011,1.0,
2022-05-28,0.11994286,0.0,
2022-05-29,0.1686412,0.0,
2022-05-30,0.025434995,1.0,
2022-05-31,0.054996688,0.0,
2022-06-01,0.02191975,1.0,
2022-06-02,0.03579408,0.0,
2022-06-03,0.054996688,0.0,
2022-06-04,0.076437354,0.0,
2022-06-05,0.050444655,0.0,
2022-06-06,0.0129549205,1.0,
2022-06-07,0.050247964,1.0,
2022-06-08,0.036188435,1.0,
2022-06-09,0.07665096,0.0,
2022-06-10,0.030298728,1.0,
2022-06-11,0.018180408,1.0,
2022-06-12,0.028574005,1.0,
2022-06-13,0.06267601,0.0,
2022-06-14,0.06267601,0.0,
2022-06-15,0.14931902,0.0,
2022-06-16,0.03534098,1.0480098e-25,
2022-06-17,0.08564718,1.0,
2022-06-18,0.08623508,0.0,
2022-06-19,0.14931902,2.469641e-07,
2022-06-20,0.08623508,1.0,
2022-06-21,0.03534098,1.0,
2022-06-22,0.08564718,0.99999905,
2022-06-23,0.093926795,1.0,
2022-06-24,0.031337373,1.0,
2022-06-25,0.050250385,1.0,
2022-06-26,0.045627568,1.0,
2022-06-27,0.03267419,1.0,
2022-06-28,0.038880147,1.0,
2022-06-29,0.011236903,1.0,
2022-06-30,0.029895011,1.0,
2022-07-01,0.044704568,1.0,
2022-07-02,0.07665096,1.0,
2022-07-03,0.032663528,1.0,
2022-07-04,0.011766098,1.0,
2022-07-05,0.014941513,1.0,
2022-07-06,0.030298728,1.0,
2022-07-07,0.030298728,1.0,
2022-07-08,0.050247964,1.0,
2022-07-09,0.03264614,1.0,
2022-07-10,0.02673453,1.0,
2022-07-11,0.044704568,1.0,
2022-07-12,0.044704568,1.0,
2022-07-13,0.03264614,1.0,
2022-07-14,0.050247964,1.0,
2022-07-15,0.01815807,1.0,
2022-07-16,0.031607352,1.0,
2022-07-17,0.018028526,1.0,
2022-07-18,0.031607352,1.0,
2022-07-19,0.019283574,1.0,
2022-07-20,0.031607352,1.0,
2022-07-21,0.018028526,1.0,
2022-07-22,0.050247964,1.0,
2022-07-23,0.050247964,1.0,
2022-07-24,0.01815807,1.0,
2022-07-25,0.014664206,1.0,
2022-07-26,0.01815807,1.0,
2022-07-27,0.023617266,1.0,
2022-07-28,0.019283574,1.0,
2022-07-29,0.023617266,1.0,
2022-07-30,0.031607352,1.0,
2022-07-31,0.031607352,1.0,
2022-08-01,0.050247964,1.0,
2022-08-02,0.019761799,1.0,
2022-08-03,0.019761799,1.0,
2022-08-04,0.025034202,1.0,
2022-08-05,0.050247964,1.0,
2022-08-06,0.030298728,1.0,
2022-08-07,0.07482031,1.0,
2022-08-08,0.019283574,1.0,
2022-08-09,0.031607352,1.0,
2022-08-10,0.014664206,1.0,
2022-08-11,0.03264614,1.0,
2022-08-12,0.050247964,1.0,
2022-08-13,0.024726225,1.0,
2022-08-14,0.018028526,1.0,
2022-08-15,0.014664206,1.0,
2022-08-16,0.014664206,1.0,
2022-08-17,0.050247964,1.0,
2022-08-18,0.050247964,1.0,
2022-08-19,0.017608702,1.0,
2022-08-20,0.018879855,1.0,
2022-08-21,0.018879855,1.0,
2022-08-22,0.017608702,1.0,
2022-08-23,0.018879855,1.0,
2022-08-24,0.013530933,1.0,
2022-08-25,0.026523199,1.0,
2022-08-26,0.06267601,1.0,
2022-08-27,0.06267601,1.0,
2022-08-28,0.08623508,1.0,
2022-08-29,0.05193386,1.0,
2022-08-30,0.05193386,1.0,
2022-08-31,0.029269794,1.0,
2022-09-01,0.026523199,1.0,
2022-09-02,0.03298879,1.0,
2022-09-03,0.018879855,1.0,
2022-09-04,0.017608702,1.0,
2022-09-05,0.017608702,1.0,
2022-09-06,0.013530933,1.0,
2022-09-07,0.017608702,1.0,
2022-09-08,0.013426296,1.0,
2022-09-09,0.014664206,1.0,
2022-09-10,0.01815807,1.0,
2022-09-11,0.023617266,1.0,
2022-09-12,0.023617266,1.0,
2022-09-13,0.050247964,1.0,
2022-09-14,0.03264614,1.0,
2022-09-15,0.019761799,1.0,
2022-09-16,0.03264614,1.0,
2022-09-17,0.050247964,1.0,
2022-09-18,0.019761799,1.0,
2022-09-19,0.02673453,1.0,
2022-09-20,0.03264614,1.0,
2022-09-21,0.025034202,1.0,
2022-09-22,0.03264614,1.0,
2022-09-23,0.018879855,1.0,
2022-09-24,0.017608702,1.0,
2022-09-25,0.014855713,1.0,
2022-09-26,0.029269794,1.0,
2022-09-27,0.018879855,1.0,
2022-09-28,0.044704568,1.0,
2022-09-29,0.02673453,1.0,
2022-09-30,0.025034202,1.0,
2022-10-01,0.044704568,1.0,
2022-10-02,0.025034202,1.0,
2022-10-03,0.03264614,1.0,
2022-10-04,0.031607352,1.0,
2022-10-05,0.023617266,1.0,
2022-10-06,0.050247964,1.0,
2022-10-07,0.050247964,1.0,
2022-10-08,0.02191975,1.0,
2022-10-09,0.024726225,1.0,
2022-10-10,0.02673453,1.0,
2022-10-11,0.03264614,1.0,
2022-10-12,0.025034202,1.0,
2022-10-13,0.019761799,1.0,
2022-10-14,0.019761799,1.0,
2022-10-15,0.019761799,1.0,
2022-10-16,0.050247964,1.0,
2022-10-17,0.02673453,1.0,
2022-10-18,0.013426296,1.0,
2022-10-19,0.013426296,1.0,
2022-10-20,0.017608702,1.0,
2022-10-21,0.044704568,1.0,
2022-10-22,0.025034202,1.0,
2022-10-23,0.050247964,1.0,
2022-10-24,0.050247964,1.0,
2022-10-25,0.023617266,1.0,
2022-10-26,0.019283574,1.0,
2022-10-27,0.01815807,1.0,
2022-10-28,0.023617266,1.0,
2022-10-29,0.019283574,1.0,
2022-10-30,0.023617266,1.0,
2022-10-31,0.01815807,1.0,
2022-11-01,0.031607352,1.0,
2022-11-02,0.01815807,1.0,
2022-11-03,0.031607352,1.0,
2022-11-04,0.019283574,1.0,
2022-11-05,0.019283574,1.0,
2022-11-06,0.01815807,1.0,
2022-11-07,0.01815807,1.0,
2022-11-08,0.018879855,1.0,
2022-11-09,0.16101548,1.0,
2022-11-10,0.018879855,1.0,
2022-11-11,0.017608702,1.0,
2022-11-12,0.014855713,1.0,
2022-11-13,0.028927907,1.0,
2022-11-14,0.013426296,1.0,
2022-11-15,0.017608702,1.0,
2022-11-16,0.017608702,1.0,
2022-11-17,0.017608702,1.0,
2022-11-18,0.029269794,1.0,
2022-11-19,0.0073213535,1.0,
2022-11-20,0.018681217,1.0,
2022-11-21,0.09753211,1.0,
2022-11-22,0.036576122,1.0,
2022-11-23,0.087146126,1.0,
2022-11-24,0.033557605,1.0,
2022-11-25,0.084521346,1.0,
2022-11-26,0.04821551,1.0,
2022-11-27,0.09451353,1.0,
2022-11-28,0.084521346,1.0,
2022-11-29,0.13590549,1.0,
2022-11-30,0.04374646,1.0,
2022-12-01,0.087146126,1.0,
2022-12-02,0.050247964,1.0,
2022-12-03,0.050247964,1.0,
2022-12-04,0.01815807,1.0,
2022-12-05,0.019283574,1.0,
2022-12-06,0.031607352,1.0,
2022-12-07,0.050247964,1.0,
2022-12-08,0.018028526,1.0,
2022-12-09,0.011435785,1.0,
2022-12-10,0.01815807,1.0,
2022-12-11,0.01815807,1.0,
2022-12-12,0.023617266,1.0,
2022-12-13,0.019283574,1.0,
2022-12-14,0.01815807,1.0,
2022-12-15,0.050247964,1.0,
2022-12-16,0.044704568,1.0,
2022-12-17,0.02673453,1.0,
2022-12-18,0.044704568,1.0,
2022-12-19,0.048675247,1.0,
2022-12-20,0.019761799,1.0,
2022-12-21,0.03264614,1.0,
2022-12-22,0.044704568,1.0,
2022-12-23,0.044704568,1.0,
2022-12-24,0.010759664,1.0,
2022-12-25,0.025034202,1.0,
2022-12-26,0.025034202,1.0,
2022-12-27,0.013426296,1.0,
2022-12-28,0.03191536,1.0,
2022-12-29,0.018879855,1.0,
2022-12-30,0.03264614,1.0,
2022-12-31,0.048675247,1.0,
2023-01-01,0.010759664,1.0,
2023-01-02,0.024726225,1.0,
2023-01-03,0.018879855,1.0,
2023-01-04,0.03264614,1.0,
2023-01-05,0.03264614,1.0,
2023-01-06,0.050247964,1.0,
2023-01-07,0.02191975,1.0,
2023-01-08,0.01815807,1.0,
2023-01-09,0.018028526,1.0,
2023-01-10,0.016737757,1.0,
2023-01-11,0.01193702,1.0,
2023-01-12,0.01193702,1.0,
2023-01-13,0.01193702,1.0,
2023-01-14,0.01193702,1.0,
2023-01-15,0.01193702,1.0,
2023-01-16,0.01193702,1.0,
2023-01-17,0.01193702,1.0,
2023-01-18,0.012484172,1.0,
2023-01-19,0.011269935,1.0,
2023-01-20,0.01193702,1.0,
2023-01-21,0.01193702,1.0,
2023-01-22,0.011269935,1.0,
2023-01-23,0.011269935,1.0,
2023-01-24,0.012484172,1.0,
2023-01-25,0.012484172,1.0,
2023-01-26,0.012484172,1.0,
2023-01-27,0.01451468,1.0,
2023-01-28,0.019283574,1.0,
2023-01-29,0.01451468,1.0,
2023-01-30,0.031607352,1.0,
2023-01-31,0.023617266,1.0,
2023-02-01,0.019283574,1.0,
2023-02-02,0.019283574,1.0,
2023-02-03,0.014664206,1.0,
2023-02-04,0.050247964,1.0,
2023-02-05,0.050247964,1.0,
2023-02-06,0.02673453,1.0,
2023-02-07,0.050247964,1.0,
2023-02-08,0.02673453,1.0,
2023-02-09,0.018879855,1.0,
2023-02-10,0.018879855,1.0,
2023-02-11,0.022534225,1.0,
2023-02-12,0.017608702,1.0,
2023-02-13,0.018879855,1.0,
2023-02-14,0.018879855,1.0,
2023-02-15,0.050247964,1.0,
2023-02-16,0.03264614,1.0,
2023-02-17,0.050247964,1.0,
2023-02-18,0.014664206,1.0,
2023-02-19,0.014664206,1.0,
2023-02-20,0.01815807,1.0,
2023-02-21,0.024726225,1.0,
2023-02-22,0.024726225,1.0,
2023-02-23,0.031607352,1.0,
2023-02-24,0.018028526,1.0,
2023-02-25,0.014664206,1.0,
2023-02-26,0.01815807,1.0,
2023-02-27,0.01815807,1.0,
2023-02-28,0.050247964,1.0,
2023-03-01,0.044704568,1.0,
2023-03-02,0.03264614,1.0,
2023-03-03,0.026523199,1.0,
2023-03-04,0.026523199,1.0,
2023-03-05,0.017608702,1.0,
2023-03-06,0.14931902,1.0,
2023-03-07,0.05193386,1.0,
2023-03-08,0.14931902,1.0,
2023-03-09,0.06267601,1.0,
2023-03-10,0.14931902,1.0,
2023-03-11,0.05193386,1.0,
2023-03-12,0.018879855,1.0,
2023-03-13,0.050247964,1.0,
2023-03-14,0.014664206,1.0,
2023-03-15,0.050247964,1.0,
2023-03-16,0.024726225,1.0,
2023-03-17,0.019283574,1.0,
2023-03-18,0.019283574,1.0,
2023-03-19,0.019283574,1.0,
2023-03-20,0.019283574,1.0,
2023-03-21,0.019283574,1.0,
2023-03-22,0.019283574,1.0,
2023-03-23,0.01451468,1.0,
2023-03-24,0.027155276,1.0,
2023-03-25,0.029525794,1.0,
2023-03-26,0.026628038,1.0,
2023-03-27,0.0399962,1.0,
2023-03-28,0.010804105,1.0,
2023-03-29,0.024484295,1.0,
2023-03-30,0.0136372205,1.0,
2023-03-31,0.030298728,1.0,
2023-04-01,0.045674488,1.0,
2023-04-02,0.10244129,1.0,
2023-04-03,0.019541314,1.0,
2023-04-04,0.03579408,1.0,
2023-04-05,0.054996688,1.0,
2023-04-06,0.05360911,1.0,
2023-04-07,0.076437354,0.0,
2023-04-08,0.070702344,0.0,
2023-04-09,0.13747476,1.0,
2023-04-10,0.012329799,1.0,
2023-04-11,0.012329799,1.0,
2023-04-12,0.032557476,1.0,
2023-04-13,0.026628038,1.0,
2023-04-14,0.011479106,1.0,
2023-04-15,0.06206081,0.0,
2023-04-16,0.060098905,0.0,
2023-04-17,0.032557476,1.0,
2023-04-18,0.026628038,1.0,
2023-04-19,0.07482031,1.0,
2023-04-20,0.019541314,1.0,
2023-04-21,0.0149377715,1.0,
2023-04-22,0.074769795,1.0,
2023-04-23,0.11994286,1.0,
2023-04-24,0.032663528,8.9535594e-11,
2023-04-25,0.032663528,0.9721209,
2023-04-26,0.022534225,1.0,
2023-04-27,0.026900487,1.0,
2023-04-28,0.048956413,1.4978283e-27,
2023-04-29,0.13751307,0.0,
2023-04-30,0.1220142,1.0,
2023-05-01,0.04121107,1.0,
2023-05-02,0.032663528,0.0,
2023-05-03,0.046342283,1.0,
2023-05-04,0.08574673,1.0,
2023-05-05,0.026628038,1.0,
2023-05-06,0.03640867,5.3934506e-21,
2023-05-07,0.13416184,0.0,
2023-05-08,0.023390368,1.0,
2023-05-09,0.07084978,6.239065e-07,
2023-05-10,0.024789669,1.0,
2023-05-11,0.052912746,0.0,
2023-05-12,0.038387634,1.0,
2023-05-13,0.05676351,0.0,
2023-05-14,0.034255166,0.0,
2023-05-15,0.07885163,0.0,
2023-05-16,0.082542494,0.0,
2023-05-17,0.039594337,0.0,
2023-05-18,0.034609232,0.0,
2023-05-19,0.33297703,0.0,
2023-05-20,0.038098074,0.0,
2023-05-21,0.062440764,0.0,
2023-05-22,0.0462274,0.0,
2023-05-23,0.1220142,0.0,
2023-05-24,0.032663528,0.99750036,
2023-05-25,0.1762702,0.0,
2023-05-26,0.06171705,0.0,
2023-05-27,0.034452144,0.0,
2023-05-28,0.08448705,0.0,
2023-05-29,0.08574673,0.0,
2023-05-30,0.13747476,0.0,
2023-05-31,0.050589595,0.0,
2023-06-01,0.06900615,0.0,
2023-06-02,0.0929495,1.5540353e-19,
2023-06-03,0.04171516,0.0,
2023-06-04,0.070702344,0.0,
2023-06-05,0.047603976,1.0,
2023-06-06,0.023390368,1.0,
2023-06-07,0.03579408,1.0,
2023-06-08,0.11165854,0.0,
2023-06-09,0.06331026,0.0,
2023-06-10,0.04121107,1.0,
2023-06-11,0.10922101,0.0,
2023-06-12,0.10922101,0.0,
2023-06-13,0.036295954,0.0,
2023-06-14,0.028347606,0.0,
2023-06-15,0.075017594,0.0,
2023-06-16,0.048956413,0.0,
2023-06-17,0.07870361,0.0,
2023-06-18,0.062919945,0.0,
2023-06-19,0.039127294,3.1269991e-19,
2023-06-20,0.010451559,1.0,
2023-06-21,0.019283574,1.0,
2023-06-22,0.026628038,1.0,
2023-06-23,0.012749899,0.99978614,
2023-06-24,0.076516934,0.0,
2023-06-25,0.076516934,0.0,
2023-06-26,0.037396085,1.0,
2023-06-27,0.047756836,1.0,
2023-06-28,0.060413286,1.0,
2023-06-29,0.051949773,1.0,
2023-06-30,0.018453443,1.0,
2023-07-01,0.031998653,0.0,
2023-07-02,0.047222372,0.0,
2023-07-03,0.06599876,1.0,
2023-07-04,0.10215838,0.00014636554,
2023-07-05,0.13747476,4.9783402e-08,
2023-07-06,0.018001776,1.0,
2023-07-07,0.0775053,1.0,
2023-07-08,0.030589785,0.0,
2023-07-09,0.038398094,0.0,
2023-07-10,0.08574673,1.0,
2023-07-11,0.07667244,0.0,
2023-07-12,0.085914604,1.0,
2023-07-13,0.0099459365,1.0,
2023-07-14,0.029329725,1.0,
2023-07-15,0.02266189,0.0,
2023-07-16,0.027510164,0.0,
2023-07-17,0.10922101,0.0,
2023-07-18,0.12807904,0.0,
2023-07-19,0.13751307,0.0,
2023-07-20,0.08500164,1.0,
2023-07-21,0.13751307,0.0,
2023-07-22,0.08660673,0.0,
2023-07-23,0.04171516,0.0,
2023-07-24,0.036370866,1.0,
2023-07-25,0.047759484,0.0,
2023-07-26,0.05905197,0.0,
2023-07-27,0.35957727,0.0,
2023-07-28,0.04393907,0.0,
2023-07-29,0.048825186,0.0,
2023-07-30,0.025089273,0.0,
2023-07-31,0.0446324,0.0,
2023-08-01,0.033092972,1.2491112e-07,
2023-08-02,0.033367056,0.0,
2023-08-03,0.0462274,0.0,
2023-08-04,0.047759484,0.0,
2023-08-05,0.067670904,0.0,
2023-08-06,0.027905665,0.0,
2023-08-07,0.1376037,0.0,
2023-08-08,0.048286118,0.0,
2023-08-09,0.085914604,1.0,
2023-08-10,0.076437354,0.0,
2023-08-11,0.076437354,0.0,
2023-08-12,0.3284651,1.0,
2023-08-13,0.07989117,0.0,
2023-08-14,0.13747476,0.0,
2023-08-15,0.059983507,0.0,
2023-08-16,0.08808077,0.0,
2023-08-17,0.069207616,1.0,
2023-08-18,0.04167692,1.0,
2023-08-19,0.35957727,0.0,
2023-08-20,0.35957727,0.0,
2023-08-21,0.29068348,0.0,
2023-08-22,0.32442796,0.0,
2023-08-23,0.120134726,0.0,
2023-08-24,0.36644155,0.0,
2023-08-25,0.19741088,0.0,
2023-08-26,0.28589725,0.0,
2023-08-27,0.13691886,0.0,
2023-08-28,0.2166996,0.0,
2023-08-29,0.011236903,0.9999909,
2023-08-30,0.058468778,0.0,
2023-08-31,0.048956413,0.0,
2023-09-01,0.042313933,0.0,
2023-09-02,0.027510164,0.0,
2023-09-03,0.027510164,0.0,
2023-09-04,0.037526444,0.0,
2023-09-05,0.037526444,0.0,
2023-09-06,0.1686412,0.0,
2023-09-07,0.07667244,0.0,
2023-09-08,0.06331026,0.0,
2023-09-09,0.06600814,0.0,
2023-09-10,0.027510164,0.0,
2023-09-11,0.091535814,0.0,
2023-09-12,0.023323143,1.0,
2023-09-13,0.08808077,0.0,
2023-09-14,0.052746344,0.0,
2023-09-15,0.058868833,0.0,
2023-09-16,0.013782869,0.0,
2023-09-17,0.035195284,0.0,
2023-09-18,0.048805367,0.0,
2023-09-19,0.06816739,4.3090316e-07,
2023-09-20,0.12856287,1.0,
2023-09-21,0.14383043,0.9999998,
2023-09-22,0.021464154,0.0,
2023-09-23,0.04191792,1.3436472e-22,
2023-09-24,0.052312307,0.0,
2023-09-25,0.07292315,0.0,
2023-09-26,0.052312307,0.0,
2023-09-27,0.14383043,1.0,
2023-09-28,0.028059492,1.1466233e-31,
2023-09-29,0.09526713,0.0,
2023-09-30,0.058002792,0.0,
2023-10-01,0.06206081,0.0,
2023-10-02,0.016107082,1.0,
2023-10-03,0.09526713,0.0,
2023-10-04,0.084080465,0.0,
2023-10-05,0.09764366,0.0,
2023-10-06,0.10021538,1.0,
2023-10-07,0.07554102,0.0,
2023-10-08,0.057337504,0.0,
2023-10-09,0.1588663,1.0194824e-30,
2023-10-10,0.05246676,0.0,
2023-10-11,0.12642978,1.0,
2023-10-12,0.037526444,0.0,
2023-10-13,0.06126904,0.0,
2023-10-14,0.06600814,0.0,
2023-10-15,0.028963512,0.0,
2023-10-16,0.010804105,1.0,
2023-10-17,0.06159488,1.0,
2023-10-18,0.13747476,4.941526e-25,
2023-10-19,0.10828254,1.0,
2023-10-20,0.026628038,1.0,
2023-10-21,0.0776468,0.0,
2023-10-22,0.06206081,0.0,
2023-10-23,0.015880803,1.0,
2023-10-24,0.011269935,1.0,
2023-10-25,0.018589739,1.0,
2023-10-26,0.030838877,1.0,
2023-10-27,0.06479155,0.0,
2023-10-28,0.026167504,0.0,
2023-10-29,0.038727995,0.0,
2023-10-30,0.043075632,5.1759373e-22,
2023-10-31,0.06479155,0.0,
2023-11-01,0.018589739,1.0,
2023-11-02,0.021213574,1.0,
2023-11-03,0.047854234,1.0,
2023-11-04,0.031998653,0.0,
2023-11-05,0.047222372,0.0,
2023-11-06,0.06206081,0.0,
2023-11-07,0.076247305,1.0,
2023-11-08,0.1588663,0.0,
2023-11-09,0.012749899,1.0,
2023-11-10,0.05045391,1.0,
2023-11-11,0.047222372,0.0,
2023-11-12,0.046783324,1.16834694e-23,
2023-11-13,0.10215838,0.0,
2023-11-14,0.06773037,1.0,
2023-11-15,0.032557476,1.0,
2023-11-16,0.07665096,1.0,
2023-11-17,0.051732123,1.0,
2023-11-18,0.021464154,0.0,
2023-11-19,0.060793176,0.0,
2023-11-20,0.0667839,0.0,
2023-11-21,0.07665096,1.0,
2023-11-22,0.06773037,1.0,
2023-11-23,0.076437354,0.0,
2023-11-24,0.06773037,1.0,
2023-11-25,0.099182636,0.9999999,
2023-11-26,0.076437354,0.0,
2023-11-27,0.1682823,0.0,
2023-11-28,0.077494204,0.0,
2023-11-29,0.11165854,0.0,
2023-11-30,0.060793176,0.0,
2023-12-01,0.115518734,1.0,
2023-12-02,0.07292315,0.0,
2023-12-03,0.07292315,0.0,
2023-12-04,0.011479106,1.0,
2023-12-05,0.008569752,1.0,
2023-12-06,0.01728461,1.0,
2023-12-07,0.03383934,1.0,
2023-12-08,0.043258976,0.0,
2023-12-09,0.047222372,0.0,
2023-12-10,0.04357592,1.0,
2023-12-11,0.014084039,1.0,
2023-12-12,0.10002264,0.0,
2023-12-13,0.04930665,1.0,
2023-12-14,0.06275215,0.0,
2023-12-15,0.10015915,0.0,
2023-12-16,0.060793176,0.0,
2023-12-17,0.09526713,0.0,
2023-12-18,0.07665096,1.0,
2023-12-19,0.12178518,0.0,
2023-12-20,0.047886763,1.0,
2023-12-21,0.14383043,0.0,
2023-12-22,0.11165854,0.0,
2023-12-23,0.04171516,0.0,
2023-12-24,0.062919945,0.0,
2023-12-25,0.07608664,0.0,
2023-12-26,0.08574673,0.0,
2023-12-27,0.0929495,0.0,
2023-12-28,0.046052113,0.0,
2023-12-29,0.06886882,0.0,
2023-12-30,0.06126904,0.0,
2023-12-31,0.076437354,0.0,
2024-01-01,0.058720153,0.0,
2024-01-02,0.013063947,1.0,
2024-01-03,0.0149377715,9.9393596e-08,
2024-01-04,0.054167245,0.0,
2024-01-05,0.054167245,0.0,
2024-01-06,0.04171516,0.0,
2024-01-07,0.076437354,0.0,
2024-01-08,0.010804105,1.0,
2024-01-09,0.015759068,1.0,
2024-01-10,0.023062386,1.0,
2024-01-11,0.0399962,1.0,
2024-01-12,0.07482031,1.0,
2024-01-13,0.0929495,0.0,
2024-01-14,0.06331026,0.0,
2024-01-15,0.15095052,0.0,
2024-01-16,0.097000144,0.0,
2024-01-17,0.11165854,0.0,
2024-01-18,0.050391782,0.0,
2024-01-19,0.039712068,0.0,
2024-01-20,0.060601164,0.0,
2024-01-21,0.11400467,1.0,
2024-01-22,0.17438328,0.0,
2024-01-23,0.061839584,0.0,
2024-01-24,0.12498796,0.0,
2024-01-25,0.4804396,0.0,
2024-01-26,0.063098356,0.0,
2024-01-27,0.046452947,0.0,
2024-01-28,0.09526713,0.0,
2024-01-29,0.13747476,0.0,
2024-01-30,0.08500164,0.0,
2024-01-31,0.05689768,0.0,
2024-02-01,0.0667839,0.0,
2024-02-02,0.045674488,0.0,
2024-02-03,0.035195284,1.0,
2024-02-04,0.052312307,0.0,
2024-02-05,0.0776468,0.0,
2024-02-06,0.06206081,0.0,
2024-02-07,0.09351974,0.0,
2024-02-08,0.037396085,0.0,
2024-02-09,0.00862331,1.0,
2024-02-10,0.047222372,0.0,
2024-02-11,0.06950809,0.0,
2024-02-12,0.01728461,1.0,
2024-02-13,0.01728461,1.0,
2024-02-14,0.018589739,1.0,
2024-02-15,0.018589739,1.0,
2024-02-16,0.046708833,0.0,
2024-02-17,0.038727995,0.0,
2024-02-18,0.030424513,0.8362661,
2024-02-19,0.04875878,0.0,
2024-02-20,0.02206936,0.0,
2024-02-21,0.05045391,0.0,
2024-02-22,0.051949773,0.0,
2024-02-23,0.09959824,0.0,
2024-02-24,0.042265616,2.4922568e-31,
2024-02-25,0.042265616,0.0,
2024-02-26,0.026628038,0.0,
2024-02-27,0.009264354,1.0,
2024-02-28,0.012484172,1.0,
2024-02-29,0.012749899,1.0,
2024-03-01,0.028101057,0.0,
2024-03-02,0.047222372,1.0,
2024-03-03,0.059317507,1.0,
2024-03-04,0.007410769,1.0,
2024-03-05,0.019283574,1.0,
2024-03-06,0.011479106,1.0,
2024-03-07,0.026628038,0.0,
2024-03-08,0.009890907,1.0,
2024-03-09,0.054179545,1.0,
2024-03-10,0.054571178,0.0,
2024-03-11,0.00862331,1.0,
2024-03-12,0.009553613,1.0,
2024-03-13,0.026628038,0.0,
2024-03-14,0.010567895,1.0,
2024-03-15,0.0060676076,1.0,
2024-03-16,0.054996688,0.0,
2024-03-17,0.016107082,0.0,
2024-03-18,0.029329725,0.0,
2024-03-19,0.008467485,1.0,
2024-03-20,0.07482031,1.0,
2024-03-21,0.021695223,0.0,
2024-03-22,0.048956413,0.0,
2024-03-23,0.13350545,0.0,
2024-03-24,0.06984205,0.0,
2024-03-25,0.021695223,0.0,
2024-03-26,0.04240072,0.0,
2024-03-27,0.03685664,0.0,
2024-03-28,0.074769795,0.0,
2024-03-29,0.06126904,0.0,
2024-03-30,0.058002792,1.0,
2024-03-31,0.070702344,1.0,
2024-04-01,0.08574673,0.0,
2024-04-02,0.02793583,0.0,
2024-04-03,0.07084978,0.0,
2024-04-04,0.08574673,0.0,
2024-04-05,0.028212186,0.0,
2024-04-06,0.060793176,1.0,
2024-04-07,0.076437354,0.0069768056,
2024-04-08,0.06773037,0.0,
2024-04-09,0.04240072,0.0,
2024-04-10,0.08574673,0.0,
2024-04-11,0.09281195,0.0,
2024-04-12,0.048956413,0.0,
2024-04-13,0.010344718,0.0,
2024-04-14,0.032663528,0.0,
2024-04-15,0.032663528,0.0,
2024-04-16,0.027468996,0.0,
2024-04-17,0.038880147,0.0,
2024-04-18,0.04238409,0.0,
2024-04-19,0.032143604,0.0,
2024-04-20,0.13751307,0.0,
2024-04-21,0.056680854,1.0,
2024-04-22,0.08808077,0.0,
2024-04-23,0.13751307,1.2682287e-23,
2024-04-24,0.05905197,0.0,
2024-04-25,0.08808077,0.0,
2024-04-26,0.1016276,0.0,
2024-04-27,0.050444655,5.494014e-15,
2024-04-28,0.10368408,1.0,
2024-04-29,0.09526713,0.0,
2024-04-30,0.038880147,0.0,
2024-05-01,0.019749228,0.0,
2024-05-02,0.037961107,0.0,
2024-05-03,0.049359795,0.0,
2024-05-04,0.037526444,0.0,
2024-05-05,0.027510164,1.0,
2024-05-06,0.0923975,0.0,
2024-05-07,0.047759484,0.0,
2024-05-08,0.056680854,0.0,
2024-05-09,0.14100254,0.0,
2024-05-10,0.13157958,0.0,
2024-05-11,0.11428878,1.0,
2024-05-12,0.05154073,1.0,
2024-05-13,0.06984205,0.0,
2024-05-14,0.09526713,0.0,
2024-05-15,0.07294207,0.0,
2024-05-16,0.1588663,0.0,
2024-05-17,0.049419593,0.0,
2024-05-18,0.02610594,1.0,
2024-05-19,0.052312307,1.0,
2024-05-20,0.032557476,0.0,
2024-05-21,0.043606166,0.0,
2024-05-22,0.09384171,0.0,
2024-05-23,0.06523917,0.0,
2024-05-24,0.0776468,0.0,
2024-05-25,0.046917338,1.0,
2024-05-26,0.07554102,1.0,
2024-05-27,0.098964,0.0,
2024-05-28,0.12278512,0.0,
2024-05-29,0.076437354,0.0,
2024-05-30,0.040162325,0.0,
2024-05-31,0.07405685,0.0,
2024-06-01,0.3284651,1.0,
2024-06-02,0.052312307,1.0,
2024-06-03,0.10922101,0.0,
2024-06-04,0.1682823,0.0,
2024-06-05,0.040162325,0.0,
2024-06-06,0.041364115,1.0,
2024-06-07,0.0929495,0.0,
2024-06-08,0.07989117,1.0,
2024-06-09,0.099182636,1.0,
2024-06-10,0.04171516,1.0,
2024-06-11,0.07070908,0.0,
2024-06-12,0.12642978,0.0,
2024-06-13,0.1686412,0.0,
2024-06-14,0.1686412,0.0,
2024-06-15,0.18747665,1.0,
2024-06-16,0.30151573,1.0,
2024-06-17,0.059983507,0.0,
2024-06-18,0.05782838,0.0,
2024-06-19,0.35957727,0.99995095,
2024-06-20,0.35957727,0.0,
2024-06-21,0.35957727,0.0,
2024-06-22,0.78306454,1.0,
2024-06-23,0.55755776,1.0,
2024-06-24,0.07993564,0.0,
2024-06-25,0.098843284,0.0,
2024-06-26,0.35957727,0.0,
2024-06-27,0.046093013,1.0,
2024-06-28,0.062440764,0.0,
2024-06-29,0.080112986,1.0,
2024-06-30,0.03511152,1.0,
2024-07-01,0.047759484,0.0,
2024-07-02,0.03511152,1.0,
2024-07-03,0.08808077,0.0,
2024-07-04,0.050250385,0.0,
2024-07-05,0.015835995,0.0,
2024-07-06,0.047759484,0.0,
2024-07-07,0.0446324,0.0,
2024-07-08,0.039712068,0.0,
2024-07-09,0.059983507,0.0,
2024-07-10,0.08165404,0.0,
2024-07-11,0.10922101,0.0,
2024-07-12,0.13751307,0.0,
2024-07-13,0.038398094,1.0,
2024-07-14,0.13751307,0.0,
2024-07-15,0.085914604,0.0,
2024-07-16,0.08574673,0.0,
2024-07-17,0.045674488,0.0,
2024-07-18,0.06206081,0.0,
2024-07-19,0.075236216,0.0,
2024-07-20,0.03491025,1.0,
2024-07-21,0.038727995,1.0,
2024-07-22,0.0427726,1.0,
2024-07-23,0.10215838,0.0,
2024-07-24,0.06206081,0.0,
2024-07-25,0.06816739,0.0,
2024-07-26,0.06854297,0.0,
2024-07-27,0.10215838,0.0,
2024-07-28,0.08090282,1.0,
2024-07-29,0.057235382,0.0,
2024-07-30,0.076437354,0.0,
2024-07-31,0.076437354,0.0,
2024-08-01,0.0929495,0.0,
2024-08-02,0.033962876,0.0,
2024-08-03,0.0355647,0.0,
2024-08-04,0.4804396,0.0,
2024-08-05,0.06267601,1.0,
2024-08-06,0.050250385,0.0,
2024-08-07,0.076766476,0.0,
2024-08-08,0.07357035,0.0,
2024-08-09,0.10922101,0.0,
2024-08-10,0.067670904,1.0,
2024-08-11,0.0446324,0.0014225711,
2024-08-12,0.058468778,0.0,
2024-08-13,0.07101801,0.0,
2024-08-14,0.059983507,0.0,
2024-08-15,0.0806332,0.0,
2024-08-16,0.07870361,0.0,
2024-08-17,0.26642743,1.0,
2024-08-18,0.04630923,1.0,
2024-08-19,0.060793176,0.0,
2024-08-20,0.13747476,0.0,
2024-08-21,0.12260646,0.0,
2024-08-22,0.062919945,0.0,
2024-08-23,0.036004238,0.0,
2024-08-24,0.021464154,1.0,
2024-08-25,0.057099722,1.0,
2024-08-26,0.04712429,1.0,
2024-08-27,0.046052113,0.0,
2024-08-28,0.074769795,0.0,
2024-08-29,0.09526713,0.0,
2024-08-30,0.07667244,0.0,
2024-08-31,0.23894261,1.0,
2024-09-01,0.037526444,0.0,
2024-09-02,0.06126904,0.0,
2024-09-03,0.062919945,0.0,
2024-09-04,0.069245145,0.0,
2024-09-05,0.059983507,0.0,
2024-09-06,0.17438328,0.0,
2024-09-07,0.2894529,1.0,
2024-09-08,0.2894529,1.0,
2024-09-09,0.082542494,0.0,
2024-09-10,0.13751307,0.0,
2024-09-11,0.19071867,0.0,
2024-09-12,0.11450161,0.0,
2024-09-13,0.1682823,0.0,
2024-09-14,0.058002792,1.0,
2024-09-15,0.058002792,1.0,
2024-09-16,0.036310107,0.0,
2024-09-17,0.059563283,0.0,
2024-09-18,0.0667839,0.0,
2024-09-19,0.10708403,0.0,
2024-09-20,0.047222372,0.0,
2024-09-21,0.1247903,1.0,
2024-09-22,0.026380802,1.0,
2024-09-23,0.06206081,0.0,
2024-09-24,0.06206081,0.0,
2024-09-25,0.042265616,1.0,
2024-09-26,0.0776468,0.0,
2024-09-27,0.06206081,0.0,
2024-09-28,0.15991174,1.0,
2024-09-29,0.17471051,1.0,
2024-09-30,0.09959824,0.0,
2024-10-01,0.11672116,0.0,
2024-10-02,0.11450161,0.0,
2024-10-03,0.05487908,0.0,
2024-10-04,0.062919945,0.0,
2024-10-05,0.30151573,1.0,
2024-10-06,0.26642743,1.0,
2024-10-07,0.062919945,0.0,
2024-10-08,0.08165404,1.4546656e-07,
2024-10-09,0.047759484,1.0079466e-31,
2024-10-10,0.062440764,0.0,
2024-10-11,0.047759484,0.0,
2024-10-12,0.067670904,1.0,
2024-10-13,0.03900794,1.0,
2024-10-14,0.042790115,0.0,
2024-10-15,0.086203404,0.0,
2024-10-16,0.10954325,0.0,
2024-10-17,0.06206081,0.0,
2024-10-18,0.0776468,0.0,
2024-10-19,0.15991174,1.0,
2024-10-20,0.046917338,1.0,
2024-10-21,0.10215838,0.0,
2024-10-22,0.06206081,0.0,
2024-10-23,0.06206081,0.0,
2024-10-24,0.06854297,0.0,
2024-10-25,0.16602054,0.0,
2024-10-26,0.07554102,1.0,
2024-10-27,0.15991174,1.0,
2024-10-28,0.12260646,0.0,
2024-10-29,0.026628038,0.0,
2024-10-30,0.07292315,0.0,
2024-10-31,0.040162325,0.0,
2024-11-01,0.085914604,0.0,
2024-11-02,0.099182636,1.0,
2024-11-03,0.06126904,0.0,
2024-11-04,0.1682823,0.0,
2024-11-05,0.13747476,0.0,
2024-11-06,0.008260273,1.0,
2024-11-07,0.04930665,0.0,
2024-11-08,0.06816739,0.0,
2024-11-09,0.042265616,1.0,
2024-11-10,0.029525794,0.0,
2024-11-11,0.00862331,0.0,
2024-11-12,0.0071142176,1.0,
2024-11-13,0.018453443,1.0,
2024-11-14,0.022992656,0.0,
2024-11-15,0.021213574,0.0,
2024-11-16,0.047222372,1.0,
2024-11-17,0.047222372,1.0,
2024-11-18,0.03383934,0.0,
2024-11-19,0.05045391,1.0,
2024-11-20,0.047756836,1.0,
2024-11-21,0.00616344,0.0,
2024-11-22,0.03383934,1.0,
2024-11-23,0.047222372,1.0,
2024-11-24,0.07853553,1.0,
2024-11-25,0.027131911,0.0,
2024-11-26,0.054996688,0.0,
2024-11-27,0.03593005,1.0,
2024-11-28,0.09384171,1.0,
2024-11-29,0.06581236,1.0,
2024-11-30,0.03417699,1.0,
2024-12-01,0.06825458,1.0,
2024-12-02,0.051732123,1.0,
2024-12-03,0.0929495,1.0,
2024-12-04,0.04989112,1.0,
2024-12-05,0.019761799,1.0,
2024-12-06,0.06773037,1.0,
2024-12-07,0.043287568,1.0,
2024-12-08,0.043287568,1.0,
2024-12-09,0.016107082,0.0,
2024-12-10,0.022221884,0.0,
2024-12-11,0.09179309,0.0,
2024-12-12,0.040162325,1.0,
2024-12-13,0.031840827,1.0,
2024-12-14,0.03417699,1.0,
2024-12-15,0.098964,1.0,
2024-12-16,0.06275215,0.0,
2024-12-17,0.0776468,1.0,
2024-12-18,0.054996688,0.0,
2024-12-19,0.03579408,0.0,
2024-12-20,0.027468996,0.0,
2024-12-21,0.062919945,1.0,
2024-12-22,0.047759484,1.0,
2024-12-23,0.11450161,0.0,
2024-12-24,0.076437354,1.0,
2024-12-25,0.02266189,1.0,
2024-12-26,0.13751307,1.0,
2024-12-27,0.0462274,1.0,
2024-12-28,0.24382444,1.0,
2024-12-29,0.03586122,1.0,
2024-12-30,0.073657155,1.0,
2024-12-31,0.029405618,1.0,
2025-01-01,0.067670904,1.0,
2025-01-02,0.050444655,1.0,
2025-01-03,0.034452144,1.0,
2025-01-04,0.3284651,1.0,
2025-01-05,0.123620324,1.0,
2025-01-06,0.075270176,1.0,
2025-01-07,0.06984205,4.541137e-35,
2025-01-08,0.13278915,0.0,
2025-01-09,0.19896801,0.0,
2025-01-10,0.11165854,0.0,
2025-01-11,0.23894261,1.0,
2025-01-12,0.3284651,1.0,
2025-01-13,0.08574673,0.0,
2025-01-14,0.09526713,1.0,
2025-01-15,0.09764366,1.0,
2025-01-16,0.09526713,1.0,
2025-01-17,0.051732123,0.0,
2025-01-18,0.060793176,1.0,
2025-01-19,0.099275075,0.0,
2025-01-20,0.049055383,0.0,
2025-01-21,0.059974957,0.0,
2025-01-22,0.075270176,1.0,
2025-01-23,0.026628038,0.0,
2025-01-24,0.06206081,1.0,
2025-01-25,0.15991174,1.0,
2025-01-26,0.12748714,1.0,
2025-01-27,0.043437615,0.0,
2025-01-28,0.02492654,1.0,
2025-01-29,0.076437354,1.0,
2025-01-30,0.022960259,1.0,
2025-01-31,0.062919945,1.0,
2025-02-01,0.11428878,1.0,
2025-02-02,0.19896801,0.0,
2025-02-03,0.015963586,0.0,
2025-02-04,0.043041036,0.0,
2025-02-05,0.0462274,1.0,
2025-02-06,0.047759484,1.0,
2025-02-07,0.082542494,0.0,
2025-02-08,0.06332683,1.0,
2025-02-09,0.028963512,1.0,
2025-02-10,0.047759484,1.0,
2025-02-11,0.03511152,1.0,
2025-02-12,0.059983507,1.0,
2025-02-13,0.0446324,1.0,
2025-02-14,0.03511152,1.0,
2025-02-15,0.50617814,1.0,
2025-02-16,0.30151573,1.0,
2025-02-17,0.025089273,1.0,
2025-02-18,0.047759484,1.0,
2025-02-19,0.04171516,1.0,
2025-02-20,0.052312307,1.0,
2025-02-21,0.09281195,0.0,
2025-02-22,0.07989117,1.0,
2025-02-23,0.07989117,1.0,
2025-02-24,0.08808077,0.0,
2025-02-25,0.010474848,0.0,
2025-02-26,0.17438328,0.0,
2025-02-27,0.16435082,0.0,
2025-02-28,0.034926303,0.0,
2025-03-01,0.08209089,1.0,
2025-03-02,0.021695223,0.0,
2025-03-03,0.032663528,0.0,
2025-03-04,0.032663528,0.0,
2025-03-05,0.1220142,0.0,
2025-03-06,0.0923975,0.0,
2025-03-07,0.032663528,0.0,
2025-03-08,0.03900794,1.0,
2025-03-09,0.0446324,0.0,
2025-03-10,0.037961107,0.0,
2025-03-11,0.06519521,0.0,
2025-03-12,0.11165854,0.0,
2025-03-13,0.07870361,5.028832e-32,
2025-03-14,0.059330586,1.0,
2025-03-15,0.07557621,1.0,
2025-03-16,0.03511152,1.0,
2025-03-17,0.046452947,1.0,
2025-03-18,0.10368408,1.0,
2025-03-19,0.1686412,1.0,
2025-03-20,0.13751307,1.0,
2025-03-21,0.05154073,1.0,
2025-03-22,0.30151573,1.0,
2025-03-23,0.06850429,1.0,
2025-03-24,0.11977704,0.0,
2025-03-25,0.02492654,1.0,
2025-03-26,0.052312307,1.0,
2025-03-27,0.06825458,1.0,
2025-03-28,0.07667244,0.011878762,
2025-03-29,0.088564076,1.0,
2025-03-30,0.07989117,1.0,
2025-03-31,0.062919945,1.0,
2025-04-01,0.076437354,1.0,
2025-04-02,0.036370866,0.0,
2025-04-03,0.04726132,7.2174336e-19,
2025-04-04,0.11165854,0.0,
2025-04-05,0.2783577,1.0,
2025-04-06,0.0355647,0.0,
2025-04-07,0.017495774,0.0,
2025-04-08,0.08650538,0.0,
2025-04-09,0.026893815,0.0,
2025-04-10,0.08808077,0.0,
2025-04-11,0.097335815,0.0,
2025-04-12,0.052312307,1.0,
2025-04-13,0.076437354,1.0,
2025-04-14,0.09526713,1.8289966e-30,
2025-04-15,0.037526444,1.0,
2025-04-16,0.076437354,1.0,
2025-04-17,0.058002792,1.0,
2025-04-18,0.2783577,1.0,
2025-04-19,0.099182636,1.0,
2025-04-20,0.11042445,1.0,
2025-04-21,0.1588663,0.0,
2025-04-22,0.06599876,0.0,
2025-04-23,0.0776468,1.0,
2025-04-24,0.03945552,1.0,
2025-04-25,0.059317507,1.0,
2025-04-26,0.1247903,1.0,
2025-04-27,0.05610893,1.0,
2025-04-28,0.0427726,1.0,
2025-04-29,0.028939838,1.0,
2025-04-30,0.028939838,1.0,
2025-05-01,0.0427726,1.0,
2025-05-02,0.02155061,1.0,
2025-05-03,0.06185646,1.0,
2025-05-04,0.08090282,1.0,
2025-05-05,0.042265616,1.0,
2025-05-06,0.027973538,1.0,
2025-05-07,0.027973538,1.0,
2025-05-08,0.10708403,0.0,
2025-05-09,0.0776468,1.0,
2025-05-10,0.03491025,1.0,
2025-05-11,0.042265616,1.0,
2025-05-12,0.10215838,0.94594336,
2025-05-13,0.06206081,1.0,
2025-05-14,0.042265616,1.0,
2025-05-15,0.042265616,1.0,
2025-05-16,0.051492985,1.0,
2025-05-17,0.08090282,1.0,
2025-05-18,0.047222372,1.0,
2025-05-19,0.10954325,1.0,
2025-05-20,0.06206081,1.0,
2025-05-21,0.037396085,4.9307487e-20,
2025-05-22,0.10215838,1.0,
2025-05-23,0.04692077,1.0,
2025-05-24,0.052312307,1.0,
2025-05-25,0.04138448,1.0,
2025-05-26,0.042603243,1.0,
2025-05-27,0.060793176,1.0,
2025-05-28,0.03463842,1.0,
2025-05-29,0.070702344,1.0,
2025-05-30,0.06126904,1.0,
2025-05-31,0.099182636,1.0,
2025-06-01,0.06600814,1.0,
2025-06-02,0.04630923,1.0,
2025-06-03,0.05154073,1.0,
2025-06-04,0.028963512,1.0,
2025-06-05,0.35957727,1.0,
2025-06-06,0.060601164,1.0,
2025-06-07,0.50617814,1.0,
2025-06-08,0.27865294,1.0,
2025-06-09,0.076437354,1.0,
2025-06-10,0.052312307,1.0,
2025-06-11,0.058002792,1.0,
2025-06-12,0.04171516,1.0,
2025-06-13,0.076437354,1.0,
2025-06-14,0.3284651,1.0,
2025-06-15,0.2783577,1.0,
2025-06-16,0.043287568,1.0,
2025-06-17,0.034219433,1.0,
2025-06-18,0.034452144,1.0,
2025-06-19,0.086434975,1.0,
2025-06-20,0.027510164,1.0,
2025-06-21,0.07999922,1.0,
2025-06-22,0.059983507,1.0,
2025-06-23,0.059983507,1.0,
2025-06-24,0.028963512,1.0,
2025-06-25,0.027510164,1.0,
2025-06-26,0.099182636,1.0,
2025-06-27,0.058002792,1.0,
2025-06-28,0.3284651,1.0,
2025-06-29,0.086434975,1.0,
2025-06-30,0.07989117,1.0,
2025-07-01,0.099182636,1.0,
2025-07-02,0.03463842,1.0,
2025-07-03,0.03956559,1.0,
2025-07-04,0.045943882,1.0,
2025-07-05,0.18973514,1.0,
2025-07-06,0.15991174,1.0,
2025-07-07,0.13402517,1.0,
2025-07-08,0.06850429,1.0,
2025-07-09,0.04138448,1.0,
2025-07-10,0.06206081,1.0,
2025-07-11,0.06206081,1.0,
2025-07-12,0.15991174,1.0,
2025-07-13,0.08090282,1.0,
2025-07-14,0.059317507,1.0,
2025-07-15,0.11232713,1.0,
2025-07-16,0.042265616,1.0,
2025-07-17,0.042265616,1.0,
2025-07-18,0.06206081,1.0,
2025-07-19,0.15991174,1.0,
2025-07-20,0.046917338,1.0,
2025-07-21,0.042265616,1.0,
2025-07-22,0.054179545,1.0,
2025-07-23,0.03491025,1.0,
2025-07-24,0.021464154,1.0,
2025-07-25,0.06900615,0.0,
2025-07-26,0.3284651,1.0,
2025-07-27,0.2783577,1.0,
2025-07-28,0.08660673,1.0,
2025-07-29,0.034452144,1.0,
2025-07-30,0.046452947,1.0,
2025-07-31,0.03511152,1.0,
2025-08-01,0.0446324,1.0,
2025-08-02,0.06332683,1.0,
2025-08-03,0.27865294,1.0,
2025-08-04,0.18747665,1.0,
2025-08-05,0.027905665,1.0,
2025-08-06,0.067670904,1.0,
2025-08-07,0.030589785,1.0,
2025-08-08,0.07557621,1.0,
2025-08-09,0.088564076,1.0,
2025-08-10,0.034452144,1.0,
2025-08-11,0.07405685,1.0,
2025-08-12,0.052312307,1.0,
2025-08-13,0.060793176,1.0,
2025-08-14,0.09526713,1.0,
2025-08-15,0.023883572,1.0,
2025-08-16,0.13402517,1.0,
2025-08-17,0.123620324,1.0,
2025-08-18,0.052312307,1.0,
2025-08-19,0.027510164,1.0,
2025-08-20,0.034219433,1.0,
2025-08-21,0.067670904,1.0,
2025-08-22,0.06126904,1.0,
2025-08-23,0.06600814,1.0,
2025-08-24,0.047759484,1.0,
2025-08-25,0.047759484,1.0,
2025-08-26,0.03511152,1.0,
2025-08-27,0.05114348,1.0,
2025-08-28,0.067670904,1.0,
2025-08-29,0.0446324,1.0,
2025-08-30,0.067670904,1.0,
2025-08-31,0.06332683,1.0,
2025-09-01,0.03511152,1.0,
2025-09-02,0.027510164,1.0,
2025-09-03,0.088564076,1.0,
2025-09-04,0.05154073,1.0,
2025-09-05,0.047759484,1.0,
2025-09-06,0.24382444,1.0,
2025-09-07,0.50617814,1.0,
2025-09-08,0.099182636,1.0,
2025-09-09,0.034452144,1.0,
2025-09-10,0.031667158,1.0,
2025-09-11,0.023883572,1.0,
2025-09-12,0.026380802,1.0,
2025-09-13,0.17471051,1.0,
2025-09-14,0.17471051,1.0,
2025-09-15,0.046917338,1.0,
2025-09-16,0.08090282,1.0,
2025-09-17,0.042265616,1.0,
2025-09-18,0.06185646,1.0,
2025-09-19,0.15991174,1.0,
2025-09-20,0.15991174,1.0,
2025-09-21,0.18973514,1.0,
2025-09-22,0.076437354,1.0,
2025-09-23,0.058002792,1.0,
2025-09-24,0.030589785,1.0,
2025-09-25,0.062440764,1.0,
2025-09-26,0.03455254,1.0,
2025-09-27,0.2789636,1.0,
2025-09-28,0.27865294,1.0,
2025-09-29,0.027510164,1.0,
2025-09-30,0.08660673,1.0,
2025-10-01,0.076437354,1.0,
2025-10-02,0.070702344,1.0,
2025-10-03,0.098964,1.0,
2025-10-04,0.24010506,1.0,
2025-10-05,0.075270176,1.0,
2025-10-06,0.057337504,1.0,
2025-10-07,0.06206081,1.0,
2025-10-08,0.057099722,1.0,0.024104021366402398
