datetime,xgb_prob
2017-08-31,0.7016615
2017-09-01,0.3323774
2017-09-02,0.7369737
2017-09-03,0.32805827
2017-09-04,0.8512301
2017-09-05,0.86116904
2017-09-06,0.82395875
2017-09-07,0.080826074
2017-09-08,0.18011715
2017-09-09,0.2316633
2017-09-10,0.4505206
2017-09-11,0.3771384
2017-09-12,0.17649367
2017-09-13,0.090099484
2017-09-14,0.9609645
2017-09-15,0.89075893
2017-09-16,0.39461362
2017-09-17,0.54969156
2017-09-18,0.07337573
2017-09-19,0.081571914
2017-09-20,0.15738322
2017-09-21,0.17719424
2017-09-22,0.75218123
2017-09-23,0.43037686
2017-09-24,0.74035764
2017-09-25,0.4262438
2017-09-26,0.6335902
2017-09-27,0.10650694
2017-09-28,0.84370035
2017-09-29,0.7428191
2017-09-30,0.33923888
2017-10-01,0.7743335
2017-10-02,0.14759423
2017-10-03,0.43523154
2017-10-04,0.59468675
2017-10-05,0.9488576
2017-10-06,0.8931452
2017-10-07,0.83711225
2017-10-08,0.8678705
2017-10-09,0.38764548
2017-10-10,0.76838684
2017-10-11,0.83780766
2017-10-12,0.9051003
2017-10-13,0.8856671
2017-10-14,0.32992578
2017-10-15,0.61848974
2017-10-16,0.30483282
2017-10-17,0.251509
2017-10-18,0.8750634
2017-10-19,0.7831718
2017-10-20,0.74883056
2017-10-21,0.21314912
2017-10-22,0.17762288
2017-10-23,0.33061743
2017-10-24,0.7721481
2017-10-25,0.90909845
2017-10-26,0.24448429
2017-10-27,0.576701
2017-10-28,0.7118701
2017-10-29,0.24888815
2017-10-30,0.71510893
2017-10-31,0.86757314
2017-11-01,0.8631592
2017-11-02,0.80353916
2017-11-03,0.8149059
2017-11-04,0.35238796
2017-11-05,0.32152748
2017-11-06,0.8533642
2017-11-07,0.4068329
2017-11-08,0.2831121
2017-11-09,0.3200189
2017-11-10,0.11907545
2017-11-11,0.37623936
2017-11-12,0.9221805
2017-11-13,0.7599083
2017-11-14,0.80612105
2017-11-15,0.89113903
2017-11-16,0.3442821
2017-11-17,0.8793788
2017-11-18,0.88587964
2017-11-19,0.7260389
2017-11-20,0.19912608
2017-11-21,0.6015466
2017-11-22,0.16603622
2017-11-23,0.6780843
2017-11-24,0.871466
2017-11-25,0.71301275
2017-11-26,0.8383272
2017-11-27,0.8665269
2017-11-28,0.64238167
2017-11-29,0.7261168
2017-11-30,0.73105305
2017-12-01,0.95857275
2017-12-02,0.97046757
2017-12-03,0.97046757
2017-12-04,0.97046757
2017-12-05,0.9388289
2017-12-06,0.8155779
2017-12-07,0.1141388
2017-12-08,0.108038254
2017-12-09,0.7894361
2017-12-10,0.86707187
2017-12-11,0.16610241
2017-12-12,0.422233
2017-12-13,0.76086456
2017-12-14,0.68554157
2017-12-15,0.65220416
2017-12-16,0.15113597
2017-12-17,0.116500914
2017-12-18,0.14560103
2017-12-19,0.26324037
2017-12-20,0.074216574
2017-12-21,0.46207738
2017-12-22,0.19561471
2017-12-23,0.8042367
2017-12-24,0.66126865
2017-12-25,0.82281065
2017-12-26,0.23200524
2017-12-27,0.10696317
2017-12-28,0.89835757
2017-12-29,0.28480193
2017-12-30,0.9162353
2017-12-31,0.2780035
2018-01-01,0.8023703
2018-01-02,0.6383909
2018-01-03,0.6903378
2018-01-04,0.5938137
2018-01-05,0.7010713
2018-01-06,0.251228
2018-01-07,0.074620254
2018-01-08,0.4210305
2018-01-09,0.7507636
2018-01-10,0.1980345
2018-01-11,0.45223585
2018-01-12,0.6668405
2018-01-13,0.2648831
2018-01-14,0.80723697
2018-01-15,0.16163637
2018-01-16,0.7727376
2018-01-17,0.53598255
2018-01-18,0.8077753
2018-01-19,0.838855
2018-01-20,0.26588285
2018-01-21,0.20539102
2018-01-22,0.8435703
2018-01-23,0.6906512
2018-01-24,0.30170918
2018-01-25,0.37834063
2018-01-26,0.55653703
2018-01-27,0.57035565
2018-01-28,0.33283138
2018-01-29,0.3989244
2018-01-30,0.7469038
2018-01-31,0.08866349
2018-02-01,0.20057799
2018-02-02,0.81192565
2018-02-03,0.22155656
2018-02-04,0.27906418
2018-02-05,0.9315914
2018-02-06,0.30745775
2018-02-07,0.631124
2018-02-08,0.95808655
2018-02-09,0.32215208
2018-02-10,0.41498944
2018-02-11,0.6456998
2018-02-12,0.11497864
2018-02-13,0.7016019
2018-02-14,0.80573493
2018-02-15,0.9415348
2018-02-16,0.8482503
2018-02-17,0.36814338
2018-02-18,0.7712881
2018-02-19,0.75772506
2018-02-20,0.37594
2018-02-21,0.20174932
2018-02-22,0.830767
2018-02-23,0.40507135
2018-02-24,0.25237045
2018-02-25,0.6958478
2018-02-26,0.78136814
2018-02-27,0.20535628
2018-02-28,0.67073286
2018-03-01,0.8693348
2018-03-02,0.7919588
2018-03-03,0.8189737
2018-03-04,0.07437125
2018-03-05,0.32013512
2018-03-06,0.21476303
2018-03-07,0.27671874
2018-03-08,0.1608391
2018-03-09,0.47307193
2018-03-10,0.73142725
2018-03-11,0.33287856
2018-03-12,0.4713683
2018-03-13,0.35679033
2018-03-14,0.81948954
2018-03-15,0.8590512
2018-03-16,0.23701164
2018-03-17,0.8024408
2018-03-18,0.8568702
2018-03-19,0.49003643
2018-03-20,0.24534194
2018-03-21,0.22377451
2018-03-22,0.46340144
2018-03-23,0.18728949
2018-03-24,0.1300357
2018-03-25,0.20493701
2018-03-26,0.20210443
2018-03-27,0.5859792
2018-03-28,0.13044679
2018-03-29,0.42719868
2018-03-30,0.69566864
2018-03-31,0.523765
2018-04-01,0.51160043
2018-04-02,0.71716887
2018-04-03,0.2336241
2018-04-04,0.19858764
2018-04-05,0.21368517
2018-04-06,0.76316154
2018-04-07,0.7749868
2018-04-08,0.49121246
2018-04-09,0.8283389
2018-04-10,0.71083015
2018-04-11,0.8403896
2018-04-12,0.22264557
2018-04-13,0.69006217
2018-04-14,0.7742107
2018-04-15,0.2507127
2018-04-16,0.314845
2018-04-17,0.842616
2018-04-18,0.5568287
2018-04-19,0.67212754
2018-04-20,0.68723935
2018-04-21,0.52447087
2018-04-22,0.66789865
2018-04-23,0.7162345
2018-04-24,0.38621798
2018-04-25,0.5328117
2018-04-26,0.4524798
2018-04-27,0.6137786
2018-04-28,0.7278338
2018-04-29,0.13278493
2018-04-30,0.4961799
2018-05-01,0.74466807
2018-05-02,0.5150167
2018-05-03,0.21740328
2018-05-04,0.59647185
2018-05-05,0.31546223
2018-05-06,0.23326811
2018-05-07,0.42127153
2018-05-08,0.5609328
2018-05-09,0.45900744
2018-05-10,0.34899724
2018-05-11,0.83489645
2018-05-12,0.46590048
2018-05-13,0.2573196
2018-05-14,0.23805477
2018-05-15,0.15736383
2018-05-16,0.25437674
2018-05-17,0.66221493
2018-05-18,0.075157836
2018-05-19,0.76292366
2018-05-20,0.4061939
2018-05-21,0.09821538
2018-05-22,0.08064506
2018-05-23,0.47525498
2018-05-24,0.188411
2018-05-25,0.1430806
2018-05-26,0.7428192
2018-05-27,0.29262117
2018-05-28,0.77993935
2018-05-29,0.22596748
2018-05-30,0.6891395
2018-05-31,0.62416345
2018-06-01,0.6185625
2018-06-02,0.6351619
2018-06-03,0.44136274
2018-06-04,0.7695007
2018-06-05,0.8595434
2018-06-06,0.68832064
2018-06-07,0.5334683
2018-06-08,0.4315607
2018-06-09,0.36220852
2018-06-10,0.5232315
2018-06-11,0.42445913
2018-06-12,0.37701744
2018-06-13,0.72846997
2018-06-14,0.35203594
2018-06-15,0.6060524
2018-06-16,0.2677508
2018-06-17,0.9021248
2018-06-18,0.7580385
2018-06-19,0.7463786
2018-06-20,0.21981315
2018-06-21,0.11270651
2018-06-22,0.78606564
2018-06-23,0.25285545
2018-06-24,0.7426838
2018-06-25,0.4055253
2018-06-26,0.7726724
2018-06-27,0.32068387
2018-06-28,0.9154734
2018-06-29,0.8060796
2018-06-30,0.45075145
2018-07-01,0.66234493
2018-07-02,0.34985787
2018-07-03,0.6354108
2018-07-04,0.18681365
2018-07-05,0.76786375
2018-07-06,0.7647657
2018-07-07,0.3745049
2018-07-08,0.15756045
2018-07-09,0.113812946
2018-07-10,0.7520533
2018-07-11,0.38294402
2018-07-12,0.17487223
2018-07-13,0.9138118
2018-07-14,0.8967377
2018-07-15,0.8653213
2018-07-16,0.7472233
2018-07-17,0.8310938
2018-07-18,0.81420845
2018-07-19,0.4137332
2018-07-20,0.7454444
2018-07-21,0.48461494
2018-07-22,0.7605391
2018-07-23,0.6231398
2018-07-24,0.30620748
2018-07-25,0.25465035
2018-07-26,0.74368805
2018-07-27,0.44002715
2018-07-28,0.29763493
2018-07-29,0.3459743
2018-07-30,0.14422245
2018-07-31,0.29565865
2018-08-01,0.344749
2018-08-02,0.25910214
2018-08-03,0.2618295
2018-08-04,0.72419024
2018-08-05,0.4236437
2018-08-06,0.4032801
2018-08-07,0.20061333
2018-08-08,0.9135829
2018-08-09,0.18192369
2018-08-10,0.94406784
2018-08-11,0.8446605
2018-08-12,0.11341833
2018-08-13,0.15892237
2018-08-14,0.8439107
2018-08-15,0.94699705
2018-08-16,0.8597001
2018-08-17,0.41556755
2018-08-18,0.8851936
2018-08-19,0.35091472
2018-08-20,0.85400414
2018-08-21,0.43384916
2018-08-22,0.8504255
2018-08-23,0.7196956
2018-08-24,0.7015719
2018-08-25,0.27412567
2018-08-26,0.61129606
2018-08-27,0.78955364
2018-08-28,0.25771755
2018-08-29,0.33760184
2018-08-30,0.8022784
2018-08-31,0.5907048
2018-09-01,0.5584097
2018-09-02,0.31467903
2018-09-03,0.65952873
2018-09-04,0.3020518
2018-09-05,0.28770527
2018-09-06,0.31468916
2018-09-07,0.32615846
2018-09-08,0.76496804
2018-09-09,0.7690897
2018-09-10,0.556592
2018-09-11,0.9536686
2018-09-12,0.9375934
2018-09-13,0.2912908
2018-09-14,0.65560895
2018-09-15,0.14977114
2018-09-16,0.304477
2018-09-17,0.92228866
2018-09-18,0.96235245
2018-09-19,0.84475327
2018-09-20,0.74273014
2018-09-21,0.29843813
2018-09-22,0.2573368
2018-09-23,0.31099886
2018-09-24,0.07554831
2018-09-25,0.7870588
2018-09-26,0.9029753
2018-09-27,0.098082386
2018-09-28,0.13280672
2018-09-29,0.69687766
2018-09-30,0.40589046
2018-10-01,0.28489497
2018-10-02,0.20846848
2018-10-03,0.6144044
2018-10-04,0.6243854
2018-10-05,0.46443886
2018-10-06,0.6584872
2018-10-07,0.60683364
2018-10-08,0.2601352
2018-10-09,0.10457853
2018-10-10,0.08002085
2018-10-11,0.86312497
2018-10-12,0.72219026
2018-10-13,0.84442914
2018-10-14,0.90038484
2018-10-15,0.9267669
2018-10-16,0.07114428
2018-10-17,0.038237754
2018-10-18,0.21039383
2018-10-19,0.76302314
2018-10-20,0.66811293
2018-10-21,0.23161247
2018-10-22,0.22841512
2018-10-23,0.6572679
2018-10-24,0.17182872
2018-10-25,0.6338935
2018-10-26,0.26301455
2018-10-27,0.081282645
2018-10-28,0.06258681
2018-10-29,0.23845395
2018-10-30,0.84066856
2018-10-31,0.91568154
2018-11-01,0.9089657
2018-11-02,0.59952307
2018-11-03,0.9303097
2018-11-04,0.25790742
2018-11-05,0.64419985
2018-11-06,0.55552197
2018-11-07,0.25139663
2018-11-08,0.3839817
2018-11-09,0.9205915
2018-11-10,0.94473934
2018-11-11,0.8486673
2018-11-12,0.5762203
2018-11-13,0.30668402
2018-11-14,0.17808269
2018-11-15,0.19020888
2018-11-16,0.17333797
2018-11-17,0.8228376
2018-11-18,0.18092461
2018-11-19,0.3212741
2018-11-20,0.6699564
2018-11-21,0.22305532
2018-11-22,0.75055563
2018-11-23,0.223454
2018-11-24,0.9284693
2018-11-25,0.4101196
2018-11-26,0.89529616
2018-11-27,0.8964227
2018-11-28,0.7529272
2018-11-29,0.2998889
2018-11-30,0.50475293
2018-12-01,0.12746643
2018-12-02,0.13147287
2018-12-03,0.8032644
2018-12-04,0.2364341
2018-12-05,0.16399407
2018-12-06,0.3694528
2018-12-07,0.8332165
2018-12-08,0.8662921
2018-12-09,0.07261911
2018-12-10,0.10438947
2018-12-11,0.8315996
2018-12-12,0.3460897
2018-12-13,0.1075356
2018-12-14,0.21828844
2018-12-15,0.8811116
2018-12-16,0.9796688
2018-12-17,0.87047976
2018-12-18,0.96657526
2018-12-19,0.975093
2018-12-20,0.2472449
2018-12-21,0.8033047
2018-12-22,0.05875108
2018-12-23,0.64178747
2018-12-24,0.25015634
2018-12-25,0.789684
2018-12-26,0.19035152
2018-12-27,0.74141
2018-12-28,0.20493177
2018-12-29,0.86938614
2018-12-30,0.0984428
2018-12-31,0.8381519
2019-01-01,0.70270395
2019-01-02,0.41490635
2019-01-03,0.781647
2019-01-04,0.30272385
2019-01-05,0.79533815
2019-01-06,0.14637941
2019-01-07,0.14450756
2019-01-08,0.6936622
2019-01-09,0.25504744
2019-01-10,0.9684239
2019-01-11,0.22424349
2019-01-12,0.17191201
2019-01-13,0.77548605
2019-01-14,0.105240054
2019-01-15,0.8288958
2019-01-16,0.7734568
2019-01-17,0.5129171
2019-01-18,0.84198624
2019-01-19,0.17955208
2019-01-20,0.15134089
2019-01-21,0.6671912
2019-01-22,0.259711
2019-01-23,0.7794872
2019-01-24,0.14758562
2019-01-25,0.054503635
2019-01-26,0.06666786
2019-01-27,0.18987903
2019-01-28,0.057655603
2019-01-29,0.66974795
2019-01-30,0.31625155
2019-01-31,0.7783417
2019-02-01,0.89658904
2019-02-02,0.25271586
2019-02-03,0.94522935
2019-02-04,0.8600353
2019-02-05,0.30242866
2019-02-06,0.28226686
2019-02-07,0.6585408
2019-02-08,0.8235986
2019-02-09,0.90170765
2019-02-10,0.13930494
2019-02-11,0.7046854
2019-02-12,0.16270338
2019-02-13,0.24401559
2019-02-14,0.7879621
2019-02-15,0.92497706
2019-02-16,0.8506358
2019-02-17,0.8877225
2019-02-18,0.93633974
2019-02-19,0.8907783
2019-02-20,0.35054907
2019-02-21,0.7716961
2019-02-22,0.8123292
2019-02-23,0.15797976
2019-02-24,0.9735675
2019-02-25,0.3001368
2019-02-26,0.672331
2019-02-27,0.36821708
2019-02-28,0.6568348
2019-03-01,0.3280405
2019-03-02,0.06889048
2019-03-03,0.20952395
2019-03-04,0.81374174
2019-03-05,0.61552507
2019-03-06,0.85684705
2019-03-07,0.2124992
2019-03-08,0.87774223
2019-03-09,0.21364063
2019-03-10,0.30142894
2019-03-11,0.7366062
2019-03-12,0.32854348
2019-03-13,0.724622
2019-03-14,0.90164524
2019-03-15,0.69445235
2019-03-16,0.33331478
2019-03-17,0.894807
2019-03-18,0.7632843
2019-03-19,0.7565415
2019-03-20,0.438685
2019-03-21,0.79409134
2019-03-22,0.8573949
2019-03-23,0.14150348
2019-03-24,0.19813801
2019-03-25,0.86253905
2019-03-26,0.86275053
2019-03-27,0.3960835
2019-03-28,0.888188
2019-03-29,0.6365865
2019-03-30,0.5439328
2019-03-31,0.76128346
2019-04-01,0.8036999
2019-04-02,0.6775509
2019-04-03,0.44119164
2019-04-04,0.7950328
2019-04-05,0.8766841
2019-04-06,0.803405
2019-04-07,0.6540982
2019-04-08,0.24474685
2019-04-09,0.8593237
2019-04-10,0.41994953
2019-04-11,0.8126303
2019-04-12,0.4081187
2019-04-13,0.82225704
2019-04-14,0.4986944
2019-04-15,0.7297276
2019-04-16,0.8823939
2019-04-17,0.63978726
2019-04-18,0.8387994
2019-04-19,0.87618965
2019-04-20,0.39561605
2019-04-21,0.8664555
2019-04-22,0.71145964
2019-04-23,0.24400702
2019-04-24,0.26577565
2019-04-25,0.59663934
2019-04-26,0.38422087
2019-04-27,0.7815314
2019-04-28,0.28036088
2019-04-29,0.9189845
2019-04-30,0.7900132
2019-05-01,0.6241967
2019-05-02,0.90096056
2019-05-03,0.50356454
2019-05-04,0.39441788
2019-05-05,0.38774112
2019-05-06,0.86980474
2019-05-07,0.7474293
2019-05-08,0.61288047
2019-05-09,0.8162104
2019-05-10,0.7606686
2019-05-11,0.3202811
2019-05-12,0.85486436
2019-05-13,0.77685875
2019-05-14,0.6502637
2019-05-15,0.18203765
2019-05-16,0.119094424
2019-05-17,0.16138367
2019-05-18,0.50736916
2019-05-19,0.11653311
2019-05-20,0.17502272
2019-05-21,0.47708583
2019-05-22,0.8691046
2019-05-23,0.90992486
2019-05-24,0.90201104
2019-05-25,0.75990254
2019-05-26,0.79294217
2019-05-27,0.18319738
2019-05-28,0.2348848
2019-05-29,0.25252208
2019-05-30,0.7518955
2019-05-31,0.54304373
2019-06-01,0.59831995
2019-06-02,0.34426045
2019-06-03,0.32203045
2019-06-04,0.80819356
2019-06-05,0.708493
2019-06-06,0.5479653
2019-06-07,0.3269427
2019-06-08,0.16867149
2019-06-09,0.84225297
2019-06-10,0.43382624
2019-06-11,0.8334194
2019-06-12,0.66860646
2019-06-13,0.5930737
2019-06-14,0.60023814
2019-06-15,0.8533073
2019-06-16,0.75042206
2019-06-17,0.17511187
2019-06-18,0.63629866
2019-06-19,0.7533696
2019-06-20,0.83449686
2019-06-21,0.59598374
2019-06-22,0.6039067
2019-06-23,0.83254397
2019-06-24,0.8027389
2019-06-25,0.7938354
2019-06-26,0.1438303
2019-06-27,0.62540185
2019-06-28,0.13796914
2019-06-29,0.20390397
2019-06-30,0.27160913
2019-07-01,0.7561522
2019-07-02,0.64686054
2019-07-03,0.18113124
2019-07-04,0.4138774
2019-07-05,0.8477834
2019-07-06,0.72658527
2019-07-07,0.793568
2019-07-08,0.8736469
2019-07-09,0.13294226
2019-07-10,0.19078052
2019-07-11,0.78689307
2019-07-12,0.31872076
2019-07-13,0.1765974
2019-07-14,0.7581284
2019-07-15,0.3611807
2019-07-16,0.9326006
2019-07-17,0.79691046
2019-07-18,0.13868554
2019-07-19,0.47928998
2019-07-20,0.037791383
2019-07-21,0.06983701
2019-07-22,0.115391135
2019-07-23,0.28252745
2019-07-24,0.58704567
2019-07-25,0.19273081
2019-07-26,0.3349816
2019-07-27,0.57329625
2019-07-28,0.6446114
2019-07-29,0.724955
2019-07-30,0.8653587
2019-07-31,0.8729486
2019-08-01,0.6332551
2019-08-02,0.84698844
2019-08-03,0.7150727
2019-08-04,0.7552986
2019-08-05,0.25731105
2019-08-06,0.48598266
2019-08-07,0.87060666
2019-08-08,0.3302625
2019-08-09,0.21341133
2019-08-10,0.59883845
2019-08-11,0.29395652
2019-08-12,0.20078005
2019-08-13,0.21394293
2019-08-14,0.8486868
2019-08-15,0.8459506
2019-08-16,0.26125908
2019-08-17,0.8645423
2019-08-18,0.86473143
2019-08-19,0.25982636
2019-08-20,0.25292566
2019-08-21,0.3620028
2019-08-22,0.8569554
2019-08-23,0.20282234
2019-08-24,0.89842033
2019-08-25,0.7017807
2019-08-26,0.18032841
2019-08-27,0.28753436
2019-08-28,0.36538664
2019-08-29,0.61014915
2019-08-30,0.5563939
2019-08-31,0.68427503
2019-09-01,0.9011706
2019-09-02,0.5825963
2019-09-03,0.23064785
2019-09-04,0.22792286
2019-09-05,0.19332236
2019-09-06,0.46245745
2019-09-07,0.21938388
2019-09-08,0.23215349
2019-09-09,0.10213472
2019-09-10,0.43052045
2019-09-11,0.5401932
2019-09-12,0.16234124
2019-09-13,0.35426468
2019-09-14,0.21327393
2019-09-15,0.038847
2019-09-16,0.09243293
2019-09-17,0.24348202
2019-09-18,0.82979137
2019-09-19,0.14584635
2019-09-20,0.24975291
2019-09-21,0.75489664
2019-09-22,0.46828064
2019-09-23,0.29251635
2019-09-24,0.28676763
2019-09-25,0.20963605
2019-09-26,0.9147101
2019-09-27,0.8085944
2019-09-28,0.35031047
2019-09-29,0.89632434
2019-09-30,0.70564747
2019-10-01,0.60258025
2019-10-02,0.22823645
2019-10-03,0.12893054
2019-10-04,0.07577303
2019-10-05,0.18059638
2019-10-06,0.7554583
2019-10-07,0.19756731
2019-10-08,0.66488343
2019-10-09,0.27158597
2019-10-10,0.22674677
2019-10-11,0.7421377
2019-10-12,0.3876597
2019-10-13,0.5460033
2019-10-14,0.36915034
2019-10-15,0.2576695
2019-10-16,0.7502384
2019-10-17,0.29024747
2019-10-18,0.5569895
2019-10-19,0.48723227
2019-10-20,0.12963259
2019-10-21,0.27010578
2019-10-22,0.39550802
2019-10-23,0.23866421
2019-10-24,0.7789347
2019-10-25,0.848668
2019-10-26,0.7841907
2019-10-27,0.3076694
2019-10-28,0.6498091
2019-10-29,0.25246885
2019-10-30,0.48256207
2019-10-31,0.77684486
2019-11-01,0.7529495
2019-11-02,0.40752965
2019-11-03,0.7511675
2019-11-04,0.37908295
2019-11-05,0.6811069
2019-11-06,0.10718077
2019-11-07,0.35229388
2019-11-08,0.8648441
2019-11-09,0.7410798
2019-11-10,0.3805779
2019-11-11,0.3423134
2019-11-12,0.27155814
2019-11-13,0.24782352
2019-11-14,0.29730195
2019-11-15,0.53265846
2019-11-16,0.52299374
2019-11-17,0.16201313
2019-11-18,0.19025227
2019-11-19,0.26127246
2019-11-20,0.24784759
2019-11-21,0.27329767
2019-11-22,0.83110493
2019-11-23,0.20836604
2019-11-24,0.9463531
2019-11-25,0.814631
2019-11-26,0.85205054
2019-11-27,0.3823066
2019-11-28,0.5981548
2019-11-29,0.28105977
2019-11-30,0.19156782
2019-12-01,0.19618773
2019-12-02,0.18817748
2019-12-03,0.3224464
2019-12-04,0.5967881
2019-12-05,0.59442854
2019-12-06,0.35706416
2019-12-07,0.5265938
2019-12-08,0.4947894
2019-12-09,0.26650804
2019-12-10,0.33943227
2019-12-11,0.39260963
2019-12-12,0.45048043
2019-12-13,0.17505161
2019-12-14,0.5800448
2019-12-15,0.2684354
2019-12-16,0.35530898
2019-12-17,0.65812266
2019-12-18,0.5136687
2019-12-19,0.7480789
2019-12-20,0.49127448
2019-12-21,0.84475344
2019-12-22,0.31150565
2019-12-23,0.27130938
2019-12-24,0.36247593
2019-12-25,0.39210668
2019-12-26,0.44512442
2019-12-27,0.6307541
2019-12-28,0.5542757
2019-12-29,0.6329999
2019-12-30,0.39860275
2019-12-31,0.6229182
2020-01-01,0.24183121
2020-01-02,0.7010438
2020-01-03,0.67747635
2020-01-04,0.61621135
2020-01-05,0.6053593
2020-01-06,0.89756304
2020-01-07,0.22460763
2020-01-08,0.23611511
2020-01-09,0.7683909
2020-01-10,0.15297872
2020-01-11,0.8532247
2020-01-12,0.35993397
2020-01-13,0.82743126
2020-01-14,0.66470695
2020-01-15,0.5230235
2020-01-16,0.7789491
2020-01-17,0.70119786
2020-01-18,0.18752608
2020-01-19,0.44541252
2020-01-20,0.589795
2020-01-21,0.52086025
2020-01-22,0.31955573
2020-01-23,0.84918207
2020-01-24,0.57632124
2020-01-25,0.68125063
2020-01-26,0.72763336
2020-01-27,0.9161167
2020-01-28,0.116572805
2020-01-29,0.6726255
2020-01-30,0.3759923
2020-01-31,0.6198907
2020-02-01,0.34163287
2020-02-02,0.30640468
2020-02-03,0.28911465
2020-02-04,0.76967573
2020-02-05,0.8381128
2020-02-06,0.87393576
2020-02-07,0.76183665
2020-02-08,0.70092964
2020-02-09,0.73231715
2020-02-10,0.5122658
2020-02-11,0.7601599
2020-02-12,0.30040002
2020-02-13,0.55245453
2020-02-14,0.4913904
2020-02-15,0.507195
2020-02-16,0.37910748
2020-02-17,0.7069024
2020-02-18,0.3687939
2020-02-19,0.7368204
2020-02-20,0.5404036
2020-02-21,0.3354828
2020-02-22,0.68647176
2020-02-23,0.13944754
2020-02-24,0.28474724
2020-02-25,0.44875315
2020-02-26,0.6656159
2020-02-27,0.20743868
2020-02-28,0.21392211
2020-02-29,0.7446744
2020-03-01,0.71536994
2020-03-02,0.35681313
2020-03-03,0.48119533
2020-03-04,0.36066145
2020-03-05,0.5000564
2020-03-06,0.44637293
2020-03-07,0.28884995
2020-03-08,0.19553013
2020-03-09,0.2585041
2020-03-10,0.78172606
2020-03-11,0.17395242
2020-03-12,0.9580898
2020-03-13,0.26341352
2020-03-14,0.79746455
2020-03-15,0.5125868
2020-03-16,0.9633315
2020-03-17,0.8147702
2020-03-18,0.80304414
2020-03-19,0.65147024
2020-03-20,0.45944884
2020-03-21,0.48395345
2020-03-22,0.884347
2020-03-23,0.5379697
2020-03-24,0.35967574
2020-03-25,0.75873184
2020-03-26,0.22417074
2020-03-27,0.26671165
2020-03-28,0.52748376
2020-03-29,0.80319947
2020-03-30,0.7899428
2020-03-31,0.5354213
2020-04-01,0.7930684
2020-04-02,0.2189029
2020-04-03,0.8289396
2020-04-04,0.19060326
2020-04-05,0.651222
2020-04-06,0.29855406
2020-04-07,0.8234337
2020-04-08,0.2586128
2020-04-09,0.22289522
2020-04-10,0.85629284
2020-04-11,0.55293405
2020-04-12,0.24797006
2020-04-13,0.69119185
2020-04-14,0.46673834
2020-04-15,0.51749825
2020-04-16,0.3646203
2020-04-17,0.6521089
2020-04-18,0.255315
2020-04-19,0.41667104
2020-04-20,0.90667665
2020-04-21,0.8616359
2020-04-22,0.8738837
2020-04-23,0.8148012
2020-04-24,0.79682416
2020-04-25,0.60416776
2020-04-26,0.8816661
2020-04-27,0.33225605
2020-04-28,0.8471069
2020-04-29,0.27110177
2020-04-30,0.6486551
2020-05-01,0.62211084
2020-05-02,0.4351405
2020-05-03,0.39433
2020-05-04,0.8645404
2020-05-05,0.7933813
2020-05-06,0.8478279
2020-05-07,0.1715614
2020-05-08,0.32673338
2020-05-09,0.36571983
2020-05-10,0.40306124
2020-05-11,0.7504442
2020-05-12,0.771314
2020-05-13,0.803348
2020-05-14,0.22924584
2020-05-15,0.8482556
2020-05-16,0.7867588
2020-05-17,0.7460282
2020-05-18,0.78989536
2020-05-19,0.29430628
2020-05-20,0.34881428
2020-05-21,0.7427566
2020-05-22,0.80992573
2020-05-23,0.39104322
2020-05-24,0.80114275
2020-05-25,0.5169184
2020-05-26,0.85706836
2020-05-27,0.7502415
2020-05-28,0.30545643
2020-05-29,0.8263227
2020-05-30,0.5656968
2020-05-31,0.5520342
2020-06-01,0.31039765
2020-06-02,0.72570074
2020-06-03,0.7675709
2020-06-04,0.41965416
2020-06-05,0.7446484
2020-06-06,0.68296
2020-06-07,0.46226427
2020-06-08,0.49091786
2020-06-09,0.7289187
2020-06-10,0.3390733
2020-06-11,0.75468373
2020-06-12,0.81508124
2020-06-13,0.1964292
2020-06-14,0.62918514
2020-06-15,0.82258534
2020-06-16,0.63564026
2020-06-17,0.41580117
2020-06-18,0.46593675
2020-06-19,0.38097844
2020-06-20,0.17846519
2020-06-21,0.7542256
2020-06-22,0.3886389
2020-06-23,0.16832073
2020-06-24,0.37501666
2020-06-25,0.31096002
2020-06-26,0.52025497
2020-06-27,0.67935956
2020-06-28,0.68145376
2020-06-29,0.21775995
2020-06-30,0.59597147
2020-07-01,0.24322945
2020-07-02,0.55036926
2020-07-03,0.76423454
2020-07-04,0.44165146
2020-07-05,0.7267035
2020-07-06,0.21089108
2020-07-07,0.6296046
2020-07-08,0.55212814
2020-07-09,0.6497483
2020-07-10,0.32358307
2020-07-11,0.73075813
2020-07-12,0.4279549
2020-07-13,0.7418315
2020-07-14,0.3612666
2020-07-15,0.38232607
2020-07-16,0.82657033
2020-07-17,0.78832114
2020-07-18,0.8173536
2020-07-19,0.39852172
2020-07-20,0.6292494
2020-07-21,0.5559523
2020-07-22,0.6026445
2020-07-23,0.4721517
2020-07-24,0.790283
2020-07-25,0.6093993
2020-07-26,0.72191375
2020-07-27,0.3522216
2020-07-28,0.76038635
2020-07-29,0.31632417
2020-07-30,0.7816853
2020-07-31,0.8289344
2020-08-01,0.23053254
2020-08-02,0.8658887
2020-08-03,0.36021507
2020-08-04,0.89764804
2020-08-05,0.7124167
2020-08-06,0.1995406
2020-08-07,0.82776284
2020-08-08,0.49110427
2020-08-09,0.6686169
2020-08-10,0.11415366
2020-08-11,0.8726862
2020-08-12,0.777412
2020-08-13,0.18392585
2020-08-14,0.7561807
2020-08-15,0.73867637
2020-08-16,0.72078115
2020-08-17,0.16248195
2020-08-18,0.14353663
2020-08-19,0.74492145
2020-08-20,0.26092917
2020-08-21,0.6491373
2020-08-22,0.39195287
2020-08-23,0.52977335
2020-08-24,0.15326421
2020-08-25,0.7209391
2020-08-26,0.23092511
2020-08-27,0.7475436
2020-08-28,0.3317968
2020-08-29,0.751404
2020-08-30,0.17380485
2020-08-31,0.66289777
2020-09-01,0.17391223
2020-09-02,0.25493672
2020-09-03,0.89141876
2020-09-04,0.47029835
2020-09-05,0.8391209
2020-09-06,0.777906
2020-09-07,0.4059301
2020-09-08,0.8998057
2020-09-09,0.9185748
2020-09-10,0.6966583
2020-09-11,0.6440663
2020-09-12,0.423768
2020-09-13,0.76553226
2020-09-14,0.79699045
2020-09-15,0.80206597
2020-09-16,0.30215403
2020-09-17,0.21983846
2020-09-18,0.5893182
2020-09-19,0.21380237
2020-09-20,0.16206479
2020-09-21,0.7619065
2020-09-22,0.22971232
2020-09-23,0.9365779
2020-09-24,0.38261077
2020-09-25,0.8611929
2020-09-26,0.5994553
2020-09-27,0.16494247
2020-09-28,0.7546455
2020-09-29,0.16527931
2020-09-30,0.1948771
2020-10-01,0.2382321
2020-10-02,0.3242503
2020-10-03,0.7390539
2020-10-04,0.89014435
2020-10-05,0.20624866
2020-10-06,0.7110702
2020-10-07,0.58790654
2020-10-08,0.71678764
2020-10-09,0.8366472
2020-10-10,0.7654361
2020-10-11,0.7719062
2020-10-12,0.25606817
2020-10-13,0.38979313
2020-10-14,0.5148131
2020-10-15,0.3285937
2020-10-16,0.723193
2020-10-17,0.75049204
2020-10-18,0.7579115
2020-10-19,0.6246793
2020-10-20,0.73930216
2020-10-21,0.6308036
2020-10-22,0.34481493
2020-10-23,0.6435543
2020-10-24,0.3286551
2020-10-25,0.62374777
2020-10-26,0.77222115
2020-10-27,0.38063434
2020-10-28,0.81973386
2020-10-29,0.8717875
2020-10-30,0.666928
2020-10-31,0.30913416
2020-11-01,0.29853195
2020-11-02,0.570414
2020-11-03,0.8717875
2020-11-04,0.59445655
2020-11-05,0.29556116
2020-11-06,0.33048388
2020-11-07,0.8152817
2020-11-08,0.49510923
2020-11-09,0.42412546
2020-11-10,0.7993893
2020-11-11,0.77958286
2020-11-12,0.7206376
2020-11-13,0.60366786
2020-11-14,0.545414
2020-11-15,0.677819
2020-11-16,0.802952
2020-11-17,0.7773675
2020-11-18,0.80294955
2020-11-19,0.5823268
2020-11-20,0.75837535
2020-11-21,0.21761978
2020-11-22,0.3442428
2020-11-23,0.59444946
2020-11-24,0.35883576
2020-11-25,0.67575365
2020-11-26,0.24658415
2020-11-27,0.78671336
2020-11-28,0.8176398
2020-11-29,0.7661638
2020-11-30,0.5845646
2020-12-01,0.7058707
2020-12-02,0.57270694
2020-12-03,0.29608694
2020-12-04,0.77335113
2020-12-05,0.7336841
2020-12-06,0.45629448
2020-12-07,0.47802085
2020-12-08,0.74259686
2020-12-09,0.37106037
2020-12-10,0.5087238
2020-12-11,0.7708337
2020-12-12,0.88403714
2020-12-13,0.7925163
2020-12-14,0.5571468
2020-12-15,0.79024786
2020-12-16,0.60640526
2020-12-17,0.48346668
2020-12-18,0.80389935
2020-12-19,0.34885284
2020-12-20,0.33039927
2020-12-21,0.48704812
2020-12-22,0.2758607
2020-12-23,0.6628828
2020-12-24,0.78212905
2020-12-25,0.7544515
2020-12-26,0.48455706
2020-12-27,0.7369664
2020-12-28,0.90470964
2020-12-29,0.8447209
2020-12-30,0.83970016
2020-12-31,0.89817053
2021-01-01,0.8923698
2021-01-02,0.7301819
2021-01-03,0.580845
2021-01-04,0.756858
2021-01-05,0.8312756
2021-01-06,0.7749222
2021-01-07,0.7628363
2021-01-08,0.1845117
2021-01-09,0.03250752
2021-01-10,0.1511715
2021-01-11,0.28468838
2021-01-12,0.6739938
2021-01-13,0.63418025
2021-01-14,0.21909423
2021-01-15,0.24544017
2021-01-16,0.19329968
2021-01-17,0.48657402
2021-01-18,0.09983113
2021-01-19,0.25086445
2021-01-20,0.19946297
2021-01-21,0.6713032
2021-01-22,0.46517166
2021-01-23,0.7411318
2021-01-24,0.49089912
2021-01-25,0.6840693
2021-01-26,0.51009005
2021-01-27,0.7584358
2021-01-28,0.7466982
2021-01-29,0.9054073
2021-01-30,0.6093307
2021-01-31,0.91482145
2021-02-01,0.8675165
2021-02-02,0.5388087
2021-02-03,0.39003888
2021-02-04,0.57716745
2021-02-05,0.6241235
2021-02-06,0.36883184
2021-02-07,0.49996758
2021-02-08,0.70664614
2021-02-09,0.33859214
2021-02-10,0.6873458
2021-02-11,0.25368777
2021-02-12,0.22876047
2021-02-13,0.67119485
2021-02-14,0.31049109
2021-02-15,0.73891574
2021-02-16,0.64002883
2021-02-17,0.30536535
2021-02-18,0.70008534
2021-02-19,0.24744514
2021-02-20,0.80320853
2021-02-21,0.02199584
2021-02-22,0.22947839
2021-02-23,0.5841678
2021-02-24,0.046826385
2021-02-25,0.20395815
2021-02-26,0.11581474
2021-02-27,0.21208695
2021-02-28,0.85346615
2021-03-01,0.1867597
2021-03-02,0.74677306
2021-03-03,0.17551973
2021-03-04,0.79125094
2021-03-05,0.8596401
2021-03-06,0.91955566
2021-03-07,0.8936233
2021-03-08,0.77208364
2021-03-09,0.8821454
2021-03-10,0.88431585
2021-03-11,0.12433506
2021-03-12,0.8325144
2021-03-13,0.1217591
2021-03-14,0.07468897
2021-03-15,0.92049176
2021-03-16,0.90124243
2021-03-17,0.12385098
2021-03-18,0.7099815
2021-03-19,0.8796306
2021-03-20,0.31845045
2021-03-21,0.33527192
2021-03-22,0.74542576
2021-03-23,0.18433756
2021-03-24,0.2238347
2021-03-25,0.7465939
2021-03-26,0.8624692
2021-03-27,0.4942141
2021-03-28,0.8720429
2021-03-29,0.7538612
2021-03-30,0.22832537
2021-03-31,0.19794776
2021-04-01,0.6497207
2021-04-02,0.32329282
2021-04-03,0.5554688
2021-04-04,0.83804
2021-04-05,0.13889614
2021-04-06,0.33028764
2021-04-07,0.8704075
2021-04-08,0.74188894
2021-04-09,0.6709195
2021-04-10,0.8451706
2021-04-11,0.21171957
2021-04-12,0.7213
2021-04-13,0.23178951
2021-04-14,0.6540358
2021-04-15,0.11463874
2021-04-16,0.20675309
2021-04-17,0.10907757
2021-04-18,0.13897373
2021-04-19,0.6789287
2021-04-20,0.16086528
2021-04-21,0.2117062
2021-04-22,0.09710888
2021-04-23,0.113781035
2021-04-24,0.18040232
2021-04-25,0.92229664
2021-04-26,0.81743705
2021-04-27,0.10139778
2021-04-28,0.11519867
2021-04-29,0.62307525
2021-04-30,0.6587632
2021-05-01,0.18222797
2021-05-02,0.74414974
2021-05-03,0.24083327
2021-05-04,0.92191565
2021-05-05,0.2612684
2021-05-06,0.8429617
2021-05-07,0.89185214
2021-05-08,0.050592642
2021-05-09,0.10325406
2021-05-10,0.7325176
2021-05-11,0.31043193
2021-05-12,0.92301095
2021-05-13,0.8281452
2021-05-14,0.15069893
2021-05-15,0.123833075
2021-05-16,0.11265238
2021-05-17,0.026776867
2021-05-18,0.16545735
2021-05-19,0.8968891
2021-05-20,0.27185237
2021-05-21,0.8265015
2021-05-22,0.3817334
2021-05-23,0.9127044
2021-05-24,0.04028644
2021-05-25,0.86157894
2021-05-26,0.12219844
2021-05-27,0.15599117
2021-05-28,0.26656342
2021-05-29,0.774503
2021-05-30,0.768867
2021-05-31,0.327544
2021-06-01,0.49936327
2021-06-02,0.66289175
2021-06-03,0.13815762
2021-06-04,0.3654081
2021-06-05,0.7556235
2021-06-06,0.31425536
2021-06-07,0.45347044
2021-06-08,0.8561462
2021-06-09,0.27716
2021-06-10,0.5609456
2021-06-11,0.22215259
2021-06-12,0.586655
2021-06-13,0.5860431
2021-06-14,0.094683155
2021-06-15,0.07867015
2021-06-16,0.2880087
2021-06-17,0.123447105
2021-06-18,0.17294933
2021-06-19,0.79127496
2021-06-20,0.20809148
2021-06-21,0.80390865
2021-06-22,0.7148481
2021-06-23,0.70100874
2021-06-24,0.3663589
2021-06-25,0.8671995
2021-06-26,0.89713854
2021-06-27,0.26334244
2021-06-28,0.67796654
2021-06-29,0.24980828
2021-06-30,0.43707803
2021-07-01,0.74056613
2021-07-02,0.6047502
2021-07-03,0.5335224
2021-07-04,0.44372216
2021-07-05,0.8237979
2021-07-06,0.37516296
2021-07-07,0.27482134
2021-07-08,0.8267393
2021-07-09,0.25708973
2021-07-10,0.64158076
2021-07-11,0.3895133
2021-07-12,0.35845283
2021-07-13,0.66434264
2021-07-14,0.19177417
2021-07-15,0.4387975
2021-07-16,0.68683076
2021-07-17,0.60402477
2021-07-18,0.25685078
2021-07-19,0.2807244
2021-07-20,0.8727657
2021-07-21,0.8848768
2021-07-22,0.63478696
2021-07-23,0.7686732
2021-07-24,0.76801693
2021-07-25,0.7179403
2021-07-26,0.78291464
2021-07-27,0.83148885
2021-07-28,0.25481582
2021-07-29,0.75827086
2021-07-30,0.080011174
2021-07-31,0.3565372
2021-08-01,0.33907294
2021-08-02,0.2453922
2021-08-03,0.73052275
2021-08-04,0.8392097
2021-08-05,0.80906886
2021-08-06,0.751587
2021-08-07,0.45501533
2021-08-08,0.62156105
2021-08-09,0.16744252
2021-08-10,0.2556219
2021-08-11,0.25347102
2021-08-12,0.7893486
2021-08-13,0.11517103
2021-08-14,0.17938648
2021-08-15,0.1272824
2021-08-16,0.14223136
2021-08-17,0.78696734
2021-08-18,0.8083107
2021-08-19,0.7188964
2021-08-20,0.54680115
2021-08-21,0.5754909
2021-08-22,0.80511445
2021-08-23,0.18215184
2021-08-24,0.7442369
2021-08-25,0.070162125
2021-08-26,0.8311786
2021-08-27,0.1993499
2021-08-28,0.24037652
2021-08-29,0.19932987
2021-08-30,0.7068174
2021-08-31,0.88501
2021-09-01,0.9397948
2021-09-02,0.8509728
2021-09-03,0.5223065
2021-09-04,0.8831289
2021-09-05,0.74954754
2021-09-06,0.3221475
2021-09-07,0.14456168
2021-09-08,0.8546026
2021-09-09,0.2907995
2021-09-10,0.8427255
2021-09-11,0.51066124
2021-09-12,0.36939177
2021-09-13,0.8892017
2021-09-14,0.7075317
2021-09-15,0.22867431
2021-09-16,0.22435874
2021-09-17,0.7506676
2021-09-18,0.2405446
2021-09-19,0.41722578
2021-09-20,0.1116711
2021-09-21,0.805616
2021-09-22,0.8796852
2021-09-23,0.12069577
2021-09-24,0.24399486
2021-09-25,0.6694025
2021-09-26,0.16424702
2021-09-27,0.2613872
2021-09-28,0.863891
2021-09-29,0.65613604
2021-09-30,0.7586658
2021-10-01,0.34071514
2021-10-02,0.52788246
2021-10-03,0.6481317
2021-10-04,0.6844189
2021-10-05,0.81794244
2021-10-06,0.46582457
2021-10-07,0.80145043
2021-10-08,0.894266
2021-10-09,0.44764152
2021-10-10,0.56821144
2021-10-11,0.21280572
2021-10-12,0.862925
2021-10-13,0.165973
2021-10-14,0.7782925
2021-10-15,0.074602924
2021-10-16,0.89272547
2021-10-17,0.9034658
2021-10-18,0.8196625
2021-10-19,0.823663
2021-10-20,0.22528602
2021-10-21,0.1999938
2021-10-22,0.77422994
2021-10-23,0.11327507
2021-10-24,0.65568906
2021-10-25,0.022628846
2021-10-26,0.27663484
2021-10-27,0.9721389
2021-10-28,0.9549174
2021-10-29,0.089601055
2021-10-30,0.16565937
2021-10-31,0.025990533
2021-11-01,0.62628126
2021-11-02,0.037967797
2021-11-03,0.056063328
2021-11-04,0.02662318
2021-11-05,0.9062315
2021-11-06,0.71263486
2021-11-07,0.90278494
2021-11-08,0.022257077
2021-11-09,0.030617695
2021-11-10,0.04733951
2021-11-11,0.12642983
2021-11-12,0.622408
2021-11-13,0.8548453
2021-11-14,0.10113096
2021-11-15,0.09110778
2021-11-16,0.8633932
2021-11-17,0.38617766
2021-11-18,0.9054177
2021-11-19,0.6460853
2021-11-20,0.1094394
2021-11-21,0.14910582
2021-11-22,0.9314918
2021-11-23,0.092765
2021-11-24,0.8826551
2021-11-25,0.08323643
2021-11-26,0.9034208
2021-11-27,0.89247775
2021-11-28,0.8601063
2021-11-29,0.25167942
2021-11-30,0.84411466
2021-12-01,0.37825707
2021-12-02,0.088612854
2021-12-03,0.16968499
2021-12-04,0.8696691
2021-12-05,0.9315365
2021-12-06,0.6972089
2021-12-07,0.17163567
2021-12-08,0.16672972
2021-12-09,0.078857765
2021-12-10,0.7944284
2021-12-11,0.7234985
2021-12-12,0.108737335
2021-12-13,0.9027585
2021-12-14,0.7202946
2021-12-15,0.38939357
2021-12-16,0.3263537
2021-12-17,0.83648485
2021-12-18,0.26398867
2021-12-19,0.7494733
2021-12-20,0.6322252
2021-12-21,0.1571054
2021-12-22,0.8277273
2021-12-23,0.19095801
2021-12-24,0.20361589
2021-12-25,0.4131282
2021-12-26,0.18361811
2021-12-27,0.16351831
2021-12-28,0.09420185
2021-12-29,0.7007405
2021-12-30,0.0835526
2021-12-31,0.73029333
2022-01-01,0.26792046
2022-01-02,0.04778289
2022-01-03,0.11541353
2022-01-04,0.40662348
2022-01-05,0.16782458
2022-01-06,0.16813561
2022-01-07,0.93274254
2022-01-08,0.6954289
2022-01-09,0.26538634
2022-01-10,0.9107256
2022-01-11,0.83261263
2022-01-12,0.36073196
2022-01-13,0.92054236
2022-01-14,0.66848147
2022-01-15,0.037457533
2022-01-16,0.123805076
2022-01-17,0.5412543
2022-01-18,0.5525985
2022-01-19,0.23934534
2022-01-20,0.31502587
2022-01-21,0.31759095
2022-01-22,0.9630545
2022-01-23,0.9511579
2022-01-24,0.7476358
2022-01-25,0.49192315
2022-01-26,0.9779368
2022-01-27,0.7077328
2022-01-28,0.7390253
2022-01-29,0.39866233
2022-01-30,0.7669373
2022-01-31,0.78719914
2022-02-01,0.5178638
2022-02-02,0.90931505
2022-02-03,0.70087343
2022-02-04,0.24829933
2022-02-05,0.8795905
2022-02-06,0.92705506
2022-02-07,0.8478072
2022-02-08,0.8622639
2022-02-09,0.15833887
2022-02-10,0.41722178
2022-02-11,0.23481016
2022-02-12,0.2336579
2022-02-13,0.80124295
2022-02-14,0.84182596
2022-02-15,0.1808556
2022-02-16,0.1590396
2022-02-17,0.32252255
2022-02-18,0.8141487
2022-02-19,0.017681895
2022-02-20,0.2447052
2022-02-21,0.9011984
2022-02-22,0.3552498
2022-02-23,0.9283715
2022-02-24,0.73318475
2022-02-25,0.24665517
2022-02-26,0.22837345
2022-02-27,0.7350354
2022-02-28,0.5638035
2022-03-01,0.29705122
2022-03-02,0.3059094
2022-03-03,0.49195868
2022-03-04,0.80024356
2022-03-05,0.27098644
2022-03-06,0.31339276
2022-03-07,0.71496046
2022-03-08,0.6607259
2022-03-09,0.28701055
2022-03-10,0.47728497
2022-03-11,0.7706052
2022-03-12,0.26285386
2022-03-13,0.5815256
2022-03-14,0.1900342
2022-03-15,0.7079185
2022-03-16,0.30261636
2022-03-17,0.71188504
2022-03-18,0.6811951
2022-03-19,0.2597083
2022-03-20,0.27970967
2022-03-21,0.5746276
2022-03-22,0.652635
2022-03-23,0.7095242
2022-03-24,0.729396
2022-03-25,0.8355006
2022-03-26,0.83881146
2022-03-27,0.5606729
2022-03-28,0.7188269
2022-03-29,0.1413507
2022-03-30,0.35727954
2022-03-31,0.72493625
2022-04-01,0.4661026
2022-04-02,0.79545426
2022-04-03,0.6866673
2022-04-04,0.330468
2022-04-05,0.40221897
2022-04-06,0.84084463
2022-04-07,0.11440246
2022-04-08,0.9144192
2022-04-09,0.03454242
2022-04-10,0.0747181
2022-04-11,0.98477614
2022-04-12,0.91916656
2022-04-13,0.17292657
2022-04-14,0.66827524
2022-04-15,0.10919053
2022-04-16,0.10618953
2022-04-17,0.9047671
2022-04-18,0.54574114
2022-04-19,0.1985383
2022-04-20,0.25504243
2022-04-21,0.19218826
2022-04-22,0.10888373
2022-04-23,0.8319703
2022-04-24,0.7617356
2022-04-25,0.27388597
2022-04-26,0.8302581
2022-04-27,0.6586072
2022-04-28,0.3895469
2022-04-29,0.2903085
2022-04-30,0.61147636
2022-05-01,0.6891776
2022-05-02,0.19376895
2022-05-03,0.8103663
2022-05-04,0.20900986
2022-05-05,0.313572
2022-05-06,0.38759506
2022-05-07,0.35172284
2022-05-08,0.29540184
2022-05-09,0.8381772
2022-05-10,0.2199734
2022-05-11,0.42033538
2022-05-12,0.7988665
2022-05-13,0.96330386
2022-05-14,0.752794
2022-05-15,0.45877174
2022-05-16,0.6335689
2022-05-17,0.21529262
2022-05-18,0.96013707
2022-05-19,0.27178755
2022-05-20,0.6626149
2022-05-21,0.86553144
2022-05-22,0.12603487
2022-05-23,0.6344632
2022-05-24,0.56256515
2022-05-25,0.46103606
2022-05-26,0.32556137
2022-05-27,0.60548156
2022-05-28,0.6424367
2022-05-29,0.8359259
2022-05-30,0.377777
2022-05-31,0.36398727
2022-06-01,0.86017317
2022-06-02,0.15324195
2022-06-03,0.7789687
2022-06-04,0.8721312
2022-06-05,0.830565
2022-06-06,0.11927678
2022-06-07,0.30844814
2022-06-08,0.24200545
2022-06-09,0.19660132
2022-06-10,0.115226306
2022-06-11,0.34065762
2022-06-12,0.23452055
2022-06-13,0.25627264
2022-06-14,0.6211975
2022-06-15,0.18886663
2022-06-16,0.7440374
2022-06-17,0.42711678
2022-06-18,0.9239064
2022-06-19,0.2002765
2022-06-20,0.8203138
2022-06-21,0.45589077
2022-06-22,0.58952034
2022-06-23,0.8516196
2022-06-24,0.6767695
2022-06-25,0.12271708
2022-06-26,0.18439522
2022-06-27,0.19959876
2022-06-28,0.19959876
2022-06-29,0.13954473
2022-06-30,0.09792654
2022-07-01,0.3842847
2022-07-02,0.8272753
2022-07-03,0.680657
2022-07-04,0.19348961
2022-07-05,0.52737164
2022-07-06,0.65170443
2022-07-07,0.46862203
2022-07-08,0.38375598
2022-07-09,0.21981901
2022-07-10,0.34494245
2022-07-11,0.2593157
2022-07-12,0.705256
2022-07-13,0.6250253
2022-07-14,0.5246059
2022-07-15,0.7013757
2022-07-16,0.6023389
2022-07-17,0.44180566
2022-07-18,0.721734
2022-07-19,0.09297655
2022-07-20,0.18583278
2022-07-21,0.1972987
2022-07-22,0.37075695
2022-07-23,0.6421729
2022-07-24,0.39699203
2022-07-25,0.36508533
2022-07-26,0.59485734
2022-07-27,0.6726555
2022-07-28,0.07271113
2022-07-29,0.1239117
2022-07-30,0.117906556
2022-07-31,0.43202132
2022-08-01,0.20846574
2022-08-02,0.15404375
2022-08-03,0.2009555
2022-08-04,0.5602158
2022-08-05,0.1586833
2022-08-06,0.74105096
2022-08-07,0.68264925
2022-08-08,0.17656425
2022-08-09,0.63976777
2022-08-10,0.12164187
2022-08-11,0.50506276
2022-08-12,0.4089878
2022-08-13,0.19758531
2022-08-14,0.1836355
2022-08-15,0.066890754
2022-08-16,0.15337972
2022-08-17,0.12885192
2022-08-18,0.22984836
2022-08-19,0.8687934
2022-08-20,0.49350315
2022-08-21,0.35571796
2022-08-22,0.49285945
2022-08-23,0.29621986
2022-08-24,0.51137406
2022-08-25,0.3279978
2022-08-26,0.27097833
2022-08-27,0.3104557
2022-08-28,0.7563508
2022-08-29,0.3054488
2022-08-30,0.78649163
2022-08-31,0.62847555
2022-09-01,0.35328653
2022-09-02,0.50189793
2022-09-03,0.3440511
2022-09-04,0.27385762
2022-09-05,0.39251968
2022-09-06,0.76957023
2022-09-07,0.9040917
2022-09-08,0.8203239
2022-09-09,0.6060092
2022-09-10,0.7386615
2022-09-11,0.68363947
2022-09-12,0.48852715
2022-09-13,0.89847726
2022-09-14,0.4213185
2022-09-15,0.5573157
2022-09-16,0.72119856
2022-09-17,0.18299715
2022-09-18,0.8508502
2022-09-19,0.2702049
2022-09-20,0.43789247
2022-09-21,0.67892003
2022-09-22,0.17998642
2022-09-23,0.13985892
2022-09-24,0.5270157
2022-09-25,0.5869698
2022-09-26,0.31002253
2022-09-27,0.70075804
2022-09-28,0.7781168
2022-09-29,0.0748485
2022-09-30,0.3001058
2022-10-01,0.40414858
2022-10-02,0.56342417
2022-10-03,0.6120896
2022-10-04,0.34395173
2022-10-05,0.46032843
2022-10-06,0.19023216
2022-10-07,0.1976871
2022-10-08,0.80249256
2022-10-09,0.39962003
2022-10-10,0.3027918
2022-10-11,0.57160074
2022-10-12,0.50230604
2022-10-13,0.039925277
2022-10-14,0.23596586
2022-10-15,0.58260274
2022-10-16,0.7513212
2022-10-17,0.18262582
2022-10-18,0.34952766
2022-10-19,0.17696638
2022-10-20,0.53547347
2022-10-21,0.68848383
2022-10-22,0.6910782
2022-10-23,0.29884487
2022-10-24,0.64864147
2022-10-25,0.7644362
2022-10-26,0.07357467
2022-10-27,0.5681314
2022-10-28,0.66980547
2022-10-29,0.31257048
2022-10-30,0.34500968
2022-10-31,0.32732496
2022-11-01,0.45286936
2022-11-02,0.80803543
2022-11-03,0.7535192
2022-11-04,0.7337067
2022-11-05,0.3867153
2022-11-06,0.42117602
2022-11-07,0.1352333
2022-11-08,0.2700205
2022-11-09,0.8566943
2022-11-10,0.1804848
2022-11-11,0.13705337
2022-11-12,0.24180235
2022-11-13,0.6184138
2022-11-14,0.64801776
2022-11-15,0.4574057
2022-11-16,0.8073856
2022-11-17,0.8298483
2022-11-18,0.58268297
2022-11-19,0.37247288
2022-11-20,0.26338375
2022-11-21,0.77366203
2022-11-22,0.7848964
2022-11-23,0.47682935
2022-11-24,0.38827053
2022-11-25,0.40368134
2022-11-26,0.2935377
2022-11-27,0.3799981
2022-11-28,0.866726
2022-11-29,0.82608867
2022-11-30,0.31011653
2022-12-01,0.6107308
2022-12-02,0.1759204
2022-12-03,0.4016756
2022-12-04,0.43197843
2022-12-05,0.69625235
2022-12-06,0.46460688
2022-12-07,0.4918091
2022-12-08,0.25740394
2022-12-09,0.22430633
2022-12-10,0.301534
2022-12-11,0.34383714
2022-12-12,0.7768459
2022-12-13,0.5395901
2022-12-14,0.37151426
2022-12-15,0.27223572
2022-12-16,0.64562976
2022-12-17,0.3126414
2022-12-18,0.5644145
2022-12-19,0.5134331
2022-12-20,0.38456342
2022-12-21,0.4652281
2022-12-22,0.25311193
2022-12-23,0.46452644
2022-12-24,0.56262904
2022-12-25,0.6239974
2022-12-26,0.5677038
2022-12-27,0.23350252
2022-12-28,0.7039653
2022-12-29,0.4986039
2022-12-30,0.36746183
2022-12-31,0.84020495
2023-01-01,0.6947371
2023-01-02,0.66542286
2023-01-03,0.5428073
2023-01-04,0.32114792
2023-01-05,0.6522199
2023-01-06,0.3196402
2023-01-07,0.74133086
2023-01-08,0.7203317
2023-01-09,0.5493725
2023-01-10,0.7949818
2023-01-11,0.7971693
2023-01-12,0.687537
2023-01-13,0.75213385
2023-01-14,0.16642389
2023-01-15,0.6530465
2023-01-16,0.40334493
2023-01-17,0.33685294
2023-01-18,0.79099166
2023-01-19,0.73895043
2023-01-20,0.80419236
2023-01-21,0.25746647
2023-01-22,0.7867436
2023-01-23,0.44856185
2023-01-24,0.7198399
2023-01-25,0.3244733
2023-01-26,0.6046381
2023-01-27,0.40905106
2023-01-28,0.7150046
2023-01-29,0.110769756
2023-01-30,0.6754892
2023-01-31,0.7312412
2023-02-01,0.04370717
2023-02-02,0.03475497
2023-02-03,0.033860676
2023-02-04,0.14535554
2023-02-05,0.3643877
2023-02-06,0.64625496
2023-02-07,0.09887676
2023-02-08,0.35251805
2023-02-09,0.12198466
2023-02-10,0.73794395
2023-02-11,0.2975003
2023-02-12,0.2977471
2023-02-13,0.84585226
2023-02-14,0.74344194
2023-02-15,0.23232642
2023-02-16,0.9118118
2023-02-17,0.7812164
2023-02-18,0.13359733
2023-02-19,0.5228676
2023-02-20,0.08472816
2023-02-21,0.0958816
2023-02-22,0.0423354
2023-02-23,0.039368857
2023-02-24,0.06365689
2023-02-25,0.32455388
2023-02-26,0.115717374
2023-02-27,0.09686413
2023-02-28,0.69473624
2023-03-01,0.17933019
2023-03-02,0.21678324
2023-03-03,0.31805894
2023-03-04,0.6996455
2023-03-05,0.31740144
2023-03-06,0.10013498
2023-03-07,0.21696958
2023-03-08,0.17116328
2023-03-09,0.29243997
2023-03-10,0.6687948
2023-03-11,0.7633628
2023-03-12,0.76187646
2023-03-13,0.88012916
2023-03-14,0.37506887
2023-03-15,0.80412626
2023-03-16,0.83584505
2023-03-17,0.43723387
2023-03-18,0.46671143
2023-03-19,0.2049222
2023-03-20,0.7192076
2023-03-21,0.20156507
2023-03-22,0.746531
2023-03-23,0.32639217
2023-03-24,0.79770964
2023-03-25,0.79026526
2023-03-26,0.30669117
2023-03-27,0.79677784
2023-03-28,0.735111
2023-03-29,0.2399366
2023-03-30,0.74896204
2023-03-31,0.44256562
2023-04-01,0.21807607
2023-04-02,0.24510498
2023-04-03,0.8120403
2023-04-04,0.70217603
2023-04-05,0.36062732
2023-04-06,0.24681494
2023-04-07,0.80417174
2023-04-08,0.8139866
2023-04-09,0.6928596
2023-04-10,0.792409
2023-04-11,0.21566519
2023-04-12,0.8219448
2023-04-13,0.71953636
2023-04-14,0.30390918
2023-04-15,0.7631465
2023-04-16,0.23219314
2023-04-17,0.7665857
2023-04-18,0.3108608
2023-04-19,0.40288997
2023-04-20,0.16154245
2023-04-21,0.45306084
2023-04-22,0.23655389
2023-04-23,0.34376806
2023-04-24,0.6946257
2023-04-25,0.89106536
2023-04-26,0.7083135
2023-04-27,0.40861502
2023-04-28,0.3278591
2023-04-29,0.7749206
2023-04-30,0.34533334
2023-05-01,0.7484011
2023-05-02,0.62845147
2023-05-03,0.4118465
2023-05-04,0.46406505
2023-05-05,0.10631479
2023-05-06,0.1959858
2023-05-07,0.2377125
2023-05-08,0.09661078
2023-05-09,0.16394927
2023-05-10,0.096939385
2023-05-11,0.19148128
2023-05-12,0.2693421
2023-05-13,0.8480573
2023-05-14,0.929163
2023-05-15,0.25217006
2023-05-16,0.8852229
2023-05-17,0.36791462
2023-05-18,0.86685556
2023-05-19,0.88270706
2023-05-20,0.15450811
2023-05-21,0.9179756
2023-05-22,0.7990455
2023-05-23,0.21125014
2023-05-24,0.83436596
2023-05-25,0.94722474
2023-05-26,0.8442748
2023-05-27,0.83830726
2023-05-28,0.0871367
2023-05-29,0.12404944
2023-05-30,0.14042167
2023-05-31,0.0828626
2023-06-01,0.8057761
2023-06-02,0.1871093
2023-06-03,0.8233543
2023-06-04,0.10157522
2023-06-05,0.8935223
2023-06-06,0.24470812
2023-06-07,0.8036044
2023-06-08,0.3199425
2023-06-09,0.19438681
2023-06-10,0.67006975
2023-06-11,0.49625292
2023-06-12,0.61413294
2023-06-13,0.67137593
2023-06-14,0.8038101
2023-06-15,0.8788764
2023-06-16,0.7255494
2023-06-17,0.33036473
2023-06-18,0.8987418
2023-06-19,0.7360566
2023-06-20,0.7280317
2023-06-21,0.2610653
2023-06-22,0.7945494
2023-06-23,0.17233695
2023-06-24,0.2935715
2023-06-25,0.297704
2023-06-26,0.78050506
2023-06-27,0.36672613
2023-06-28,0.77535707
2023-06-29,0.65248907
2023-06-30,0.63815707
2023-07-01,0.67346936
2023-07-02,0.7340939
2023-07-03,0.34087056
2023-07-04,0.25385034
2023-07-05,0.22602707
2023-07-06,0.7804483
2023-07-07,0.20378157
2023-07-08,0.27398887
2023-07-09,0.6575555
2023-07-10,0.5225256
2023-07-11,0.20916055
2023-07-12,0.5470653
2023-07-13,0.12583908
2023-07-14,0.11289408
2023-07-15,0.11564552
2023-07-16,0.18775709
2023-07-17,0.0755341
2023-07-18,0.55853844
2023-07-19,0.49297765
2023-07-20,0.4567663
2023-07-21,0.39292273
2023-07-22,0.86678165
2023-07-23,0.11598558
2023-07-24,0.52954364
2023-07-25,0.8470399
2023-07-26,0.26583073
2023-07-27,0.92842245
2023-07-28,0.6445282
2023-07-29,0.2079799
2023-07-30,0.20569053
2023-07-31,0.8239788
2023-08-01,0.26629668
2023-08-02,0.50932455
2023-08-03,0.14798842
2023-08-04,0.38122246
2023-08-05,0.8389345
2023-08-06,0.8693531
2023-08-07,0.47159377
2023-08-08,0.1536051
2023-08-09,0.28595045
2023-08-10,0.31951737
2023-08-11,0.7781618
2023-08-12,0.21810727
2023-08-13,0.80502033
2023-08-14,0.3560877
2023-08-15,0.27964547
2023-08-16,0.13288763
2023-08-17,0.12854943
2023-08-18,0.83468896
2023-08-19,0.6188645
2023-08-20,0.3708336
2023-08-21,0.17330256
2023-08-22,0.766794
2023-08-23,0.16367225
2023-08-24,0.19107942
2023-08-25,0.3106696
2023-08-26,0.8116786
2023-08-27,0.839038
2023-08-28,0.9251528
2023-08-29,0.10198455
2023-08-30,0.12896018
2023-08-31,0.25344992
2023-09-01,0.734383
2023-09-02,0.8624489
2023-09-03,0.11473683
2023-09-04,0.21059045
2023-09-05,0.16788906
2023-09-06,0.75096834
2023-09-07,0.23583151
2023-09-08,0.1919046
2023-09-09,0.3818849
2023-09-10,0.05619329
2023-09-11,0.84033304
2023-09-12,0.82543045
2023-09-13,0.8198276
2023-09-14,0.6753567
2023-09-15,0.16160388
2023-09-16,0.08840263
2023-09-17,0.6274032
2023-09-18,0.72622246
2023-09-19,0.098940216
2023-09-20,0.19856566
2023-09-21,0.8031093
2023-09-22,0.12332665
2023-09-23,0.15693964
2023-09-24,0.92298865
2023-09-25,0.21663186
2023-09-26,0.8092963
2023-09-27,0.8755152
2023-09-28,0.274333
2023-09-29,0.6437608
2023-09-30,0.92111325
2023-10-01,0.14197022
2023-10-02,0.16602726
2023-10-03,0.67976534
2023-10-04,0.35223117
2023-10-05,0.51262414
2023-10-06,0.70346034
2023-10-07,0.24713045
2023-10-08,0.22984084
2023-10-09,0.2338125
2023-10-10,0.17240041
2023-10-11,0.43997246
2023-10-12,0.5720289
2023-10-13,0.4848144
2023-10-14,0.7939799
2023-10-15,0.8053344
2023-10-16,0.317615
2023-10-17,0.36976743
2023-10-18,0.70928115
2023-10-19,0.7200676
2023-10-20,0.59989184
2023-10-21,0.78505284
2023-10-22,0.8369651
2023-10-23,0.5978151
2023-10-24,0.7686042
2023-10-25,0.090720534
2023-10-26,0.11188539
2023-10-27,0.6939345
2023-10-28,0.7501235
2023-10-29,0.42960384
2023-10-30,0.8405049
2023-10-31,0.77016926
2023-11-01,0.111048535
2023-11-02,0.1321864
2023-11-03,0.7414303
2023-11-04,0.29517588
2023-11-05,0.821414
2023-11-06,0.7863727
2023-11-07,0.88205487
2023-11-08,0.76665646
2023-11-09,0.71791977
2023-11-10,0.20156439
2023-11-11,0.6239857
2023-11-12,0.108237065
2023-11-13,0.38554168
2023-11-14,0.65184546
2023-11-15,0.4613058
2023-11-16,0.8156033
2023-11-17,0.29824957
2023-11-18,0.7648185
2023-11-19,0.8429748
2023-11-20,0.33036122
2023-11-21,0.7129871
2023-11-22,0.3339402
2023-11-23,0.6206503
2023-11-24,0.7956047
2023-11-25,0.15199447
2023-11-26,0.4399966
2023-11-27,0.7133546
2023-11-28,0.5515684
2023-11-29,0.42681038
2023-11-30,0.8555772
2023-12-01,0.79145056
2023-12-02,0.7071653
2023-12-03,0.7119863
2023-12-04,0.6428813
2023-12-05,0.13557993
2023-12-06,0.10128407
2023-12-07,0.77723354
2023-12-08,0.1455677
2023-12-09,0.8530652
2023-12-10,0.29848754
2023-12-11,0.8615357
2023-12-12,0.887924
2023-12-13,0.8540192
2023-12-14,0.27422285
2023-12-15,0.9139961
2023-12-16,0.4296598
2023-12-17,0.8086747
2023-12-18,0.43344843
2023-12-19,0.7932665
2023-12-20,0.7541242
2023-12-21,0.75642747
2023-12-22,0.17871566
2023-12-23,0.091532506
2023-12-24,0.73389196
2023-12-25,0.2239466
2023-12-26,0.78674704
2023-12-27,0.19897127
2023-12-28,0.3136362
2023-12-29,0.90780586
2023-12-30,0.6598064
2023-12-31,0.8517646
2024-01-01,0.6413157
2024-01-02,0.30115056
2024-01-03,0.83968484
2024-01-04,0.16952692
2024-01-05,0.14601646
2024-01-06,0.037808146
2024-01-07,0.72586447
2024-01-08,0.24027683
2024-01-09,0.6877896
2024-01-10,0.15720123
2024-01-11,0.18815246
2024-01-12,0.670223
2024-01-13,0.41703537
2024-01-14,0.7295963
2024-01-15,0.80967885
2024-01-16,0.25640655
2024-01-17,0.33765256
2024-01-18,0.90524477
2024-01-19,0.8789796
2024-01-20,0.09659994
2024-01-21,0.038400315
2024-01-22,0.95055836
2024-01-23,0.96447086
2024-01-24,0.37323868
2024-01-25,0.91265416
2024-01-26,0.7836407
2024-01-27,0.1322911
2024-01-28,0.7037976
2024-01-29,0.28356397
2024-01-30,0.2906117
2024-01-31,0.42596832
2024-02-01,0.6229046
2024-02-02,0.2092193
2024-02-03,0.2063759
2024-02-04,0.8781062
2024-02-05,0.91716576
2024-02-06,0.9618979
2024-02-07,0.9261006
2024-02-08,0.938141
2024-02-09,0.8629505
2024-02-10,0.95411927
2024-02-11,0.94372654
2024-02-12,0.4282971
2024-02-13,0.7695368
2024-02-14,0.78742725
2024-02-15,0.818455
2024-02-16,0.2799759
2024-02-17,0.88303673
2024-02-18,0.19655384
2024-02-19,0.84222895
2024-02-20,0.7301128
2024-02-21,0.6844063
2024-02-22,0.79017466
2024-02-23,0.55386084
2024-02-24,0.5173221
2024-02-25,0.2576851
2024-02-26,0.6686059
2024-02-27,0.8839193
2024-02-28,0.10046987
2024-02-29,0.17264292
2024-03-01,0.30817714
2024-03-02,0.79682994
2024-03-03,0.8767711
2024-03-04,0.63502127
2024-03-05,0.09375209
2024-03-06,0.23501894
2024-03-07,0.17027052
2024-03-08,0.50408614
2024-03-09,0.450896
2024-03-10,0.26381755
2024-03-11,0.35663188
2024-03-12,0.29526013
2024-03-13,0.098752216
2024-03-14,0.19029365
2024-03-15,0.10029455
2024-03-16,0.6000001
2024-03-17,0.12731582
2024-03-18,0.15142015
2024-03-19,0.21529652
2024-03-20,0.5281585
2024-03-21,0.18545927
2024-03-22,0.23799422
2024-03-23,0.4918876
2024-03-24,0.12417898
2024-03-25,0.14808463
2024-03-26,0.08910357
2024-03-27,0.20213714
2024-03-28,0.07808862
2024-03-29,0.69564813
2024-03-30,0.2565041
2024-03-31,0.7350919
2024-04-01,0.33857223
2024-04-02,0.47458437
2024-04-03,0.08609563
2024-04-04,0.21449584
2024-04-05,0.012236831
2024-04-06,0.2429559
2024-04-07,0.84184945
2024-04-08,0.42114887
2024-04-09,0.08298252
2024-04-10,0.28670356
2024-04-11,0.08524261
2024-04-12,0.1983392
2024-04-13,0.52133787
2024-04-14,0.41588712
2024-04-15,0.37954268
2024-04-16,0.14095832
2024-04-17,0.24361889
2024-04-18,0.23530589
2024-04-19,0.7227897
2024-04-20,0.41167805
2024-04-21,0.08664441
2024-04-22,0.13835584
2024-04-23,0.35352778
2024-04-24,0.22097634
2024-04-25,0.26471186
2024-04-26,0.48752588
2024-04-27,0.15080439
2024-04-28,0.15110727
2024-04-29,0.56452304
2024-04-30,0.52765876
2024-05-01,0.8033744
2024-05-02,0.35717678
2024-05-03,0.11834498
2024-05-04,0.2627797
2024-05-05,0.036761157
2024-05-06,0.14700098
2024-05-07,0.24593976
2024-05-08,0.12709552
2024-05-09,0.12362453
2024-05-10,0.5233146
2024-05-11,0.11868618
2024-05-12,0.084942006
2024-05-13,0.08377898
2024-05-14,0.4459773
2024-05-15,0.012925936
2024-05-16,0.06294548
2024-05-17,0.049768362
2024-05-18,0.12185524
2024-05-19,0.56755435
2024-05-20,0.030700203
2024-05-21,0.031577148
2024-05-22,0.072605476
2024-05-23,0.030200787
2024-05-24,0.02536382
2024-05-25,0.08209451
2024-05-26,0.06857351
2024-05-27,0.31066942
2024-05-28,0.058474347
2024-05-29,0.812562
2024-05-30,0.03554354
2024-05-31,0.5369081
2024-06-01,0.2222632
2024-06-02,0.60735774
2024-06-03,0.25623524
2024-06-04,0.3459797
2024-06-05,0.15674864
2024-06-06,0.294005
2024-06-07,0.38105607
2024-06-08,0.3184047
2024-06-09,0.47293878
2024-06-10,0.4831153
2024-06-11,0.13571937
2024-06-12,0.29073846
2024-06-13,0.346274
2024-06-14,0.39928368
2024-06-15,0.11672602
2024-06-16,0.11008321
2024-06-17,0.28084508
2024-06-18,0.29702437
2024-06-19,0.3849017
2024-06-20,0.6359721
2024-06-21,0.39356944
2024-06-22,0.4492373
2024-06-23,0.2515635
2024-06-24,0.9393615
2024-06-25,0.12507455
2024-06-26,0.45005584
2024-06-27,0.028543875
2024-06-28,0.3830322
2024-06-29,0.082392976
2024-06-30,0.080968164
2024-07-01,0.62567323
2024-07-02,0.019827452
2024-07-03,0.23798636
2024-07-04,0.45365554
2024-07-05,0.29155615
2024-07-06,0.16980886
2024-07-07,0.24902375
2024-07-08,0.70664865
2024-07-09,0.2199686
2024-07-10,0.42970738
2024-07-11,0.8060515
2024-07-12,0.1480765
2024-07-13,0.01618814
2024-07-14,0.081742726
2024-07-15,0.23790067
2024-07-16,0.10529701
2024-07-17,0.07988568
2024-07-18,0.4225931
2024-07-19,0.030258441
2024-07-20,0.083819084
2024-07-21,0.4761145
2024-07-22,0.45967364
2024-07-23,0.10634006
2024-07-24,0.42652443
2024-07-25,0.04142396
2024-07-26,0.42133018
2024-07-27,0.054760635
2024-07-28,0.057011418
2024-07-29,0.1526095
2024-07-30,0.812562
2024-07-31,0.67144156
2024-08-01,0.33052617
2024-08-02,0.1341357
2024-08-03,0.63056785
2024-08-04,0.5471336
2024-08-05,0.8064582
2024-08-06,0.4755907
2024-08-07,0.6033349
2024-08-08,0.09325904
2024-08-09,0.33083254
2024-08-10,0.043243553
2024-08-11,0.058145057
2024-08-12,0.16659962
2024-08-13,0.22938958
2024-08-14,0.2710572
2024-08-15,0.12550488
2024-08-16,0.1781157
2024-08-17,0.013246678
2024-08-18,0.15962331
2024-08-19,0.57056946
2024-08-20,0.18682455
2024-08-21,0.23395948
2024-08-22,0.04348286
2024-08-23,0.14232753
2024-08-24,0.16159819
2024-08-25,0.03326267
2024-08-26,0.07504397
2024-08-27,0.06978906
2024-08-28,0.23004593
2024-08-29,0.28504103
2024-08-30,0.48189232
2024-08-31,0.0195622
2024-09-01,0.25060403
2024-09-02,0.051453337
2024-09-03,0.09664768
2024-09-04,0.19995777
2024-09-05,0.74563164
2024-09-06,0.915876
2024-09-07,0.4392016
2024-09-08,0.49129415
2024-09-09,0.47451296
2024-09-10,0.12085506
2024-09-11,0.5853946
2024-09-12,0.13823651
2024-09-13,0.44841227
2024-09-14,0.08053899
2024-09-15,0.15343624
2024-09-16,0.092674084
2024-09-17,0.3814021
2024-09-18,0.16365299
2024-09-19,0.25337875
2024-09-20,0.5967096
2024-09-21,0.082592644
2024-09-22,0.12222901
2024-09-23,0.27231196
2024-09-24,0.33375603
2024-09-25,0.16139162
2024-09-26,0.1458382
2024-09-27,0.33051652
2024-09-28,0.051672667
2024-09-29,0.069755465
2024-09-30,0.10729939
2024-10-01,0.638283
2024-10-02,0.23360308
2024-10-03,0.2636435
2024-10-04,0.12238509
2024-10-05,0.1444115
2024-10-06,0.08938286
2024-10-07,0.15231714
2024-10-08,0.17219032
2024-10-09,0.15196165
2024-10-10,0.05400581
2024-10-11,0.10985418
2024-10-12,0.056549396
2024-10-13,0.062036
2024-10-14,0.012236831
2024-10-15,0.03953072
2024-10-16,0.066576965
2024-10-17,0.24768414
2024-10-18,0.11593572
2024-10-19,0.055845764
2024-10-20,0.08367289
2024-10-21,0.02724767
2024-10-22,0.41630882
2024-10-23,0.3457134
2024-10-24,0.49581197
2024-10-25,0.03676471
2024-10-26,0.06143409
2024-10-27,0.012184092
2024-10-28,0.05331634
2024-10-29,0.10253824
2024-10-30,0.072605476
2024-10-31,0.055513777
2024-11-01,0.22764695
2024-11-02,0.3057267
2024-11-03,0.2166944
2024-11-04,0.4725317
2024-11-05,0.3507478
2024-11-06,0.0642521
2024-11-07,0.01556076
2024-11-08,0.060261272
2024-11-09,0.23484555
2024-11-10,0.12519488
2024-11-11,0.122045085
2024-11-12,0.115269296
2024-11-13,0.07761104
2024-11-14,0.11020378
2024-11-15,0.25326878
2024-11-16,0.5292563
2024-11-17,0.4393535
2024-11-18,0.18184544
2024-11-19,0.15377596
2024-11-20,0.23505442
2024-11-21,0.21780016
2024-11-22,0.18184544
2024-11-23,0.49402735
2024-11-24,0.19871663
2024-11-25,0.08601217
2024-11-26,0.10899857
2024-11-27,0.014873945
2024-11-28,0.0646409
2024-11-29,0.07050975
2024-11-30,0.20799667
2024-12-01,0.2191802
2024-12-02,0.017185776
2024-12-03,0.18078658
2024-12-04,0.029539596
2024-12-05,0.21524975
2024-12-06,0.4635065
2024-12-07,0.46765268
2024-12-08,0.45858878
2024-12-09,0.015154395
2024-12-10,0.015211156
2024-12-11,0.033248603
2024-12-12,0.055513777
2024-12-13,0.44202784
2024-12-14,0.05891265
2024-12-15,0.29543942
2024-12-16,0.08717923
2024-12-17,0.12433426
2024-12-18,0.38288733
2024-12-19,0.37370571
2024-12-20,0.25905138
2024-12-21,0.20389122
2024-12-22,0.08664441
2024-12-23,0.07124886
2024-12-24,0.8065326
2024-12-25,0.0948677
2024-12-26,0.25303414
2024-12-27,0.3458733
2024-12-28,0.07084289
2024-12-29,0.20463483
2024-12-30,0.7056647
2024-12-31,0.12087772
2025-01-01,0.11368203
2025-01-02,0.15080439
2025-01-03,0.32728434
2025-01-04,0.20595019
2025-01-05,0.10835955
2025-01-06,0.24627416
2025-01-07,0.07430386
2025-01-08,0.23652966
2025-01-09,0.21285701
2025-01-10,0.49425682
2025-01-11,0.10376225
2025-01-12,0.20595019
2025-01-13,0.360655
2025-01-14,0.34474692
2025-01-15,0.09695391
2025-01-16,0.47451633
2025-01-17,0.030200787
2025-01-18,0.41621497
2025-01-19,0.30250397
2025-01-20,0.5323633
2025-01-21,0.023755714
2025-01-22,0.30646062
2025-01-23,0.087575935
2025-01-24,0.42771715
2025-01-25,0.07031945
2025-01-26,0.045518555
2025-01-27,0.042235117
2025-01-28,0.11014199
2025-01-29,0.86239445
2025-01-30,0.06812003
2025-01-31,0.12533288
2025-02-01,0.16411419
2025-02-02,0.23782708
2025-02-03,0.31020054
2025-02-04,0.25577682
2025-02-05,0.27358288
2025-02-06,0.3625147
2025-02-07,0.44205812
2025-02-08,0.23184627
2025-02-09,0.19831714
2025-02-10,0.1622807
2025-02-11,0.049451433
2025-02-12,0.37639815
2025-02-13,0.36319157
2025-02-14,0.061362024
2025-02-15,0.20049837
2025-02-16,0.11008321
2025-02-17,0.26411706
2025-02-18,0.26159704
2025-02-19,0.3403215
2025-02-20,0.5425833
2025-02-21,0.10798373
2025-02-22,0.38067114
2025-02-23,0.06523931
2025-02-24,0.2814652
2025-02-25,0.40165022
2025-02-26,0.6869287
2025-02-27,0.2663403
2025-02-28,0.7176294
2025-03-01,0.5081869
2025-03-02,0.10985652
2025-03-03,0.30015796
2025-03-04,0.25710666
2025-03-05,0.10813695
2025-03-06,0.14610405
2025-03-07,0.25710666
2025-03-08,0.10012343
2025-03-09,0.26409015
2025-03-10,0.2415853
2025-03-11,0.2015757
2025-03-12,0.07336571
2025-03-13,0.25230512
2025-03-14,0.19712985
2025-03-15,0.058655195
2025-03-16,0.10678213
2025-03-17,0.08662826
2025-03-18,0.07614354
2025-03-19,0.33604538
2025-03-20,0.42406115
2025-03-21,0.09690692
2025-03-22,0.12053986
2025-03-23,0.018633889
2025-03-24,0.06949142
2025-03-25,0.15809788
2025-03-26,0.31040484
2025-03-27,0.17362674
2025-03-28,0.6283118
2025-03-29,0.08862766
2025-03-30,0.081539445
2025-03-31,0.11426458
2025-04-01,0.82183975
2025-04-02,0.13988233
2025-04-03,0.17917351
2025-04-04,0.08788479
2025-04-05,0.081539445
2025-04-06,0.25649932
2025-04-07,0.1414753
2025-04-08,0.32232893
2025-04-09,0.6594891
2025-04-10,0.1870009
2025-04-11,0.10185377
2025-04-12,0.49882415
2025-04-13,0.73510486
2025-04-14,0.5082076
2025-04-15,0.09286007
2025-04-16,0.6478365
2025-04-17,0.24603076
2025-04-18,0.22230917
2025-04-19,0.2222632
2025-04-20,0.0600481
2025-04-21,0.066662006
2025-04-22,0.20463897
2025-04-23,0.12973219
2025-04-24,0.2805835
2025-04-25,0.18379065
2025-04-26,0.07342186
2025-04-27,0.10747902
2025-04-28,0.6319136
2025-04-29,0.3183347
2025-04-30,0.20755994
2025-05-01,0.37299082
2025-05-02,0.16951764
2025-05-03,0.059145987
2025-05-04,0.059256203
2025-05-05,0.29023477
2025-05-06,0.17716977
2025-05-07,0.26823223
2025-05-08,0.05249552
2025-05-09,0.12973219
2025-05-10,0.09655863
2025-05-11,0.06883731
2025-05-12,0.12697114
2025-05-13,0.28263375
2025-05-14,0.29023477
2025-05-15,0.11411526
2025-05-16,0.069467686
2025-05-17,0.07082976
2025-05-18,0.32631025
2025-05-19,0.066576965
2025-05-20,0.23683996
2025-05-21,0.23936649
2025-05-22,0.09479362
2025-05-23,0.03253839
2025-05-24,0.5069107
2025-05-25,0.19653676
2025-05-26,0.039335214
2025-05-27,0.20632805
2025-05-28,0.07849451
2025-05-29,0.6963796
2025-05-30,0.586243
2025-05-31,0.3057267
2025-06-01,0.07343952
2025-06-02,0.26118663
2025-06-03,0.09707381
2025-06-04,0.15880242
2025-06-05,0.5832603
2025-06-06,0.07702471
2025-06-07,0.19672719
2025-06-08,0.07084289
2025-06-09,0.5420715
2025-06-10,0.72997636
2025-06-11,0.2281501
2025-06-12,0.27434167
2025-06-13,0.60129845
2025-06-14,0.20595019
2025-06-15,0.31745955
2025-06-16,0.22848581
2025-06-17,0.048094958
2025-06-18,0.36264196
2025-06-19,0.11867425
2025-06-20,0.080173835
2025-06-21,0.056549396
2025-06-22,0.32860634
2025-06-23,0.44602177
2025-06-24,0.06214696
2025-06-25,0.075955026
2025-06-26,0.3057267
2025-06-27,0.38963842
2025-06-28,0.4939556
2025-06-29,0.13682231
2025-06-30,0.20508292
2025-07-01,0.3057267
2025-07-02,0.059165943
2025-07-03,0.07369822
2025-07-04,0.20768294
2025-07-05,0.028495941
2025-07-06,0.052896377
2025-07-07,0.024420165
2025-07-08,0.018633889
2025-07-09,0.20887843
2025-07-10,0.48218837
2025-07-11,0.1621153
2025-07-12,0.053722795
2025-07-13,0.06060148
2025-07-14,0.18985249
2025-07-15,0.10012256
2025-07-16,0.24229333
2025-07-17,0.1675553
2025-07-18,0.17859353
2025-07-19,0.061506536
2025-07-20,0.10455988
2025-07-21,0.14515033
2025-07-22,0.29758322
2025-07-23,0.099681735
2025-07-24,0.23388961
2025-07-25,0.29962474
2025-07-26,0.2232288
2025-07-27,0.20508292
2025-07-28,0.12747535
2025-07-29,0.32728434
2025-07-30,0.06702544
2025-07-31,0.121700615
2025-08-01,0.6806892
2025-08-02,0.19177283
2025-08-03,0.077898435
2025-08-04,0.18456112
2025-08-05,0.2187226
2025-08-06,0.11368203
2025-08-07,0.057690743
2025-08-08,0.08938286
2025-08-09,0.11008321
2025-08-10,0.06442801
2025-08-11,0.5274279
2025-08-12,0.7498386
2025-08-13,0.2910409
2025-08-14,0.47910434
2025-08-15,0.10582577
2025-08-16,0.026986547
2025-08-17,0.31744596
2025-08-18,0.34356683
2025-08-19,0.036761157
2025-08-20,0.06481283
2025-08-21,0.056549396
2025-08-22,0.71744204
2025-08-23,0.07590844
2025-08-24,0.14639665
2025-08-25,0.37316528
2025-08-26,0.06028928
2025-08-27,0.04733292
2025-08-28,0.11245791
2025-08-29,0.36237723
2025-08-30,0.18811902
2025-08-31,0.1963636
2025-09-01,0.07085041
2025-09-02,0.036761157
2025-09-03,0.14192568
2025-09-04,0.09470421
2025-09-05,0.34513998
2025-09-06,0.14912546
2025-09-07,0.15701254
2025-09-08,0.40917954
2025-09-09,0.055609383
2025-09-10,0.18393403
2025-09-11,0.10582577
2025-09-12,0.18968455
2025-09-13,0.0648689
2025-09-14,0.07137516
2025-09-15,0.046328492
2025-09-16,0.064282574
2025-09-17,0.2489771
2025-09-18,0.06825505
2025-09-19,0.066800505
2025-09-20,0.052896377
2025-09-21,0.029805535
2025-09-22,0.5108414
2025-09-23,0.1572769
2025-09-24,0.057587247
2025-09-25,0.10121648
2025-09-26,0.051588673
2025-09-27,0.12072038
2025-09-28,0.077898435
2025-09-29,0.049745265
2025-09-30,0.118811645
2025-10-01,0.78516173
2025-10-02,0.5091473
2025-10-03,0.026986547
