datetime,dnn_prob
2017-08-31,4.9217686e-19
2017-09-01,2.74719e-22
2017-09-02,0.9982679
2017-09-03,0.95957565
2017-09-04,0.99999756
2017-09-05,0.9820527
2017-09-06,0.003429625
2017-09-07,0.00021159463
2017-09-08,1.0
2017-09-09,1.0
2017-09-10,1.0
2017-09-11,1.0
2017-09-12,1.0
2017-09-13,1.0
2017-09-14,0.99999994
2017-09-15,0.09284238
2017-09-16,0.9797805
2017-09-17,1.0
2017-09-18,2.1802306e-11
2017-09-19,7.7483736e-07
2017-09-20,4.865411e-07
2017-09-21,0.99258626
2017-09-22,0.8639026
2017-09-23,4.1351905e-10
2017-09-24,0.16558552
2017-09-25,2.1491233e-12
2017-09-26,1.150507e-09
2017-09-27,4.309556e-22
2017-09-28,8.916341e-22
2017-09-29,5.5479638e-14
2017-09-30,7.734471e-26
2017-10-01,7.57485e-23
2017-10-02,2.1808696e-16
2017-10-03,2.7107658e-10
2017-10-04,0.3904337
2017-10-05,7.4778174e-05
2017-10-06,7.375673e-06
2017-10-07,8.241558e-07
2017-10-08,1.09821766e-16
2017-10-09,1.1648597e-20
2017-10-10,4.7476853e-19
2017-10-11,4.8575718e-17
2017-10-12,1.0989463e-32
2017-10-13,5.3058056e-28
2017-10-14,0.0
2017-10-15,2.3619696e-25
2017-10-16,7.041124e-21
2017-10-17,1.3734232e-12
2017-10-18,5.2440575e-14
2017-10-19,6.1307177e-13
2017-10-20,2.1677315e-16
2017-10-21,6.5015204e-15
2017-10-22,0.011960451
2017-10-23,3.5191436e-10
2017-10-24,4.4385546e-17
2017-10-25,4.866443e-15
2017-10-26,4.9139256e-08
2017-10-27,0.99999994
2017-10-28,1.0
2017-10-29,8.754256e-12
2017-10-30,0.00034953724
2017-10-31,4.856815e-16
2017-11-01,1.04182506e-22
2017-11-02,3.4824384e-14
2017-11-03,1.749373e-23
2017-11-04,1.865483e-30
2017-11-05,3.3671603e-22
2017-11-06,1.561036e-05
2017-11-07,0.9994701
2017-11-08,1.8199463e-14
2017-11-09,0.94494104
2017-11-10,1.7047746e-21
2017-11-11,2.1757133e-20
2017-11-12,9.903616e-23
2017-11-13,3.3268898e-11
2017-11-14,1.0
2017-11-15,2.250964e-13
2017-11-16,1.2541264e-25
2017-11-17,0.020079928
2017-11-18,0.06722103
2017-11-19,0.65515816
2017-11-20,0.07668856
2017-11-21,7.320673e-05
2017-11-22,1.031112e-07
2017-11-23,1.1030004e-11
2017-11-24,8.7484395e-14
2017-11-25,9.162321e-11
2017-11-26,3.8112478e-09
2017-11-27,7.617235e-06
2017-11-28,6.164117e-06
2017-11-29,1.0
2017-11-30,1.0
2017-12-01,0.0017012511
2017-12-02,7.758784e-07
2017-12-03,4.2270294e-08
2017-12-04,5.498151e-09
2017-12-05,8.573414e-12
2017-12-06,0.9990876
2017-12-07,1.0
2017-12-08,1.0
2017-12-09,1.0
2017-12-10,1.0
2017-12-11,1.0
2017-12-12,4.4930002e-13
2017-12-13,1.0
2017-12-14,0.9996981
2017-12-15,6.5524645e-22
2017-12-16,0.0
2017-12-17,1.8258091e-17
2017-12-18,3.2677276e-20
2017-12-19,0.99201626
2017-12-20,0.033734635
2017-12-21,1.538171e-14
2017-12-22,0.0
2017-12-23,0.0
2017-12-24,0.0
2017-12-25,0.0
2017-12-26,1.0
2017-12-27,1.0
2017-12-28,0.9470671
2017-12-29,1.0
2017-12-30,1.8887266e-37
2017-12-31,1.3447139e-10
2018-01-01,5.061226e-15
2018-01-02,1.0
2018-01-03,1.0
2018-01-04,1.0
2018-01-05,1.0
2018-01-06,1.0
2018-01-07,0.99994254
2018-01-08,1.0
2018-01-09,4.003759e-15
2018-01-10,8.5860944e-07
2018-01-11,0.0
2018-01-12,0.0
2018-01-13,1.1410599e-16
2018-01-14,0.0
2018-01-15,1.0849429e-12
2018-01-16,0.0
2018-01-17,4.5458438e-23
2018-01-18,0.0
2018-01-19,0.0
2018-01-20,4.9388883e-17
2018-01-21,3.172134e-21
2018-01-22,0.0
2018-01-23,5.169315e-19
2018-01-24,0.0
2018-01-25,1.1485905e-21
2018-01-26,4.372525e-25
2018-01-27,5.885786e-13
2018-01-28,0.019682702
2018-01-29,1.0
2018-01-30,0.0
2018-01-31,0.0
2018-02-01,0.0
2018-02-02,0.0
2018-02-03,0.0
2018-02-04,0.0
2018-02-05,0.999999
2018-02-06,0.99999994
2018-02-07,1.0
2018-02-08,1.0
2018-02-09,3.8661247e-31
2018-02-10,1.0
2018-02-11,1.0
2018-02-12,1.0
2018-02-13,1.0
2018-02-14,1.0
2018-02-15,1.0
2018-02-16,1.0
2018-02-17,1.0
2018-02-18,1.0
2018-02-19,1.0
2018-02-20,1.0
2018-02-21,1.0
2018-02-22,1.0
2018-02-23,1.0
2018-02-24,7.605213e-33
2018-02-25,8.83813e-34
2018-02-26,0.65449595
2018-02-27,1.0
2018-02-28,0.99996954
2018-03-01,1.0
2018-03-02,1.0
2018-03-03,1.0
2018-03-04,1.0
2018-03-05,1.0
2018-03-06,4.576772e-07
2018-03-07,0.0
2018-03-08,0.0
2018-03-09,0.0
2018-03-10,0.0
2018-03-11,0.0
2018-03-12,0.0
2018-03-13,1.2236288e-37
2018-03-14,3.349028e-14
2018-03-15,0.9933254
2018-03-16,2.6772968e-27
2018-03-17,1.3070058e-37
2018-03-18,1.0
2018-03-19,1.0
2018-03-20,1.0
2018-03-21,1.0
2018-03-22,1.0
2018-03-23,1.0
2018-03-24,1.0
2018-03-25,0.99990356
2018-03-26,1.0
2018-03-27,1.532051e-26
2018-03-28,5.7118287e-21
2018-03-29,4.6126684e-07
2018-03-30,4.84829e-20
2018-03-31,1.5334431e-33
2018-04-01,1.0
2018-04-02,8.5714333e-07
2018-04-03,1.0
2018-04-04,1.0
2018-04-05,1.0
2018-04-06,0.96926445
2018-04-07,1.0
2018-04-08,1.0
2018-04-09,1.0
2018-04-10,1.0
2018-04-11,1.0
2018-04-12,1.0
2018-04-13,1.0
2018-04-14,1.0
2018-04-15,1.0
2018-04-16,1.0
2018-04-17,1.0
2018-04-18,1.0
2018-04-19,1.0
2018-04-20,1.0
2018-04-21,1.0
2018-04-22,1.0
2018-04-23,1.0
2018-04-24,1.0
2018-04-25,2.9459046e-26
2018-04-26,1.0
2018-04-27,4.0623227e-06
2018-04-28,1.0
2018-04-29,0.99999994
2018-04-30,0.004119195
2018-05-01,3.1100636e-16
2018-05-02,0.044294547
2018-05-03,1.0
2018-05-04,1.0
2018-05-05,0.99996054
2018-05-06,0.99999994
2018-05-07,4.4156698e-14
2018-05-08,8.476302e-18
2018-05-09,2.4856495e-11
2018-05-10,2.624695e-25
2018-05-11,0.0
2018-05-12,0.0
2018-05-13,7.6294954e-28
2018-05-14,1.2336784e-28
2018-05-15,1.6516962e-26
2018-05-16,5.069466e-27
2018-05-17,4.8426996e-31
2018-05-18,9.372874e-15
2018-05-19,3.168433e-10
2018-05-20,0.9790472
2018-05-21,0.72955704
2018-05-22,6.330229e-16
2018-05-23,0.99943906
2018-05-24,5.9280132e-24
2018-05-25,5.3180904e-26
2018-05-26,3.2896947e-25
2018-05-27,2.4777414e-25
2018-05-28,4.7910238e-26
2018-05-29,1.0
2018-05-30,0.8527754
2018-05-31,1.0
2018-06-01,1.0
2018-06-02,1.0
2018-06-03,1.0
2018-06-04,1.0
2018-06-05,1.0
2018-06-06,1.0
2018-06-07,1.0
2018-06-08,1.0
2018-06-09,2.6593438e-14
2018-06-10,0.6525888
2018-06-11,6.9856676e-20
2018-06-12,1.5273404e-09
2018-06-13,0.9999989
2018-06-14,1.0
2018-06-15,3.7111673e-18
2018-06-16,1.529766e-09
2018-06-17,4.9697256e-08
2018-06-18,1.0
2018-06-19,1.0
2018-06-20,1.0
2018-06-21,1.0
2018-06-22,1.0
2018-06-23,1.8198947e-06
2018-06-24,1.0
2018-06-25,1.0
2018-06-26,4.0205688e-09
2018-06-27,7.459584e-05
2018-06-28,2.0244951e-07
2018-06-29,1.0
2018-06-30,1.0
2018-07-01,1.0
2018-07-02,1.0
2018-07-03,1.0
2018-07-04,1.0
2018-07-05,1.0
2018-07-06,1.0
2018-07-07,1.0
2018-07-08,1.0
2018-07-09,0.9999751
2018-07-10,1.0
2018-07-11,3.550306e-09
2018-07-12,3.6414066e-11
2018-07-13,4.8508483e-14
2018-07-14,1.3697859e-13
2018-07-15,0.0004052992
2018-07-16,1.0
2018-07-17,1.0
2018-07-18,1.0
2018-07-19,1.0
2018-07-20,1.0
2018-07-21,1.0
2018-07-22,1.0
2018-07-23,1.0
2018-07-24,1.0
2018-07-25,0.99985194
2018-07-26,2.5502322e-05
2018-07-27,0.3471372
2018-07-28,1.0
2018-07-29,1.0
2018-07-30,6.2431624e-09
2018-07-31,1.8833038e-35
2018-08-01,3.714286e-32
2018-08-02,3.06363e-26
2018-08-03,7.5938744e-34
2018-08-04,4.194133e-35
2018-08-05,0.0
2018-08-06,0.0
2018-08-07,5.6924904e-29
2018-08-08,0.0
2018-08-09,2.8832888e-26
2018-08-10,0.0
2018-08-11,4.4428241e-13
2018-08-12,1.0
2018-08-13,8.748561e-09
2018-08-14,0.20939991
2018-08-15,7.750422e-06
2018-08-16,1.0
2018-08-17,1.0
2018-08-18,1.0
2018-08-19,1.0
2018-08-20,1.0
2018-08-21,1.0
2018-08-22,1.1505995e-06
2018-08-23,1.0
2018-08-24,1.0
2018-08-25,1.0
2018-08-26,1.0
2018-08-27,1.0
2018-08-28,1.0
2018-08-29,1.0
2018-08-30,1.0
2018-08-31,1.0
2018-09-01,1.0
2018-09-02,1.0
2018-09-03,1.0
2018-09-04,1.0
2018-09-05,2.345782e-31
2018-09-06,2.8511652e-34
2018-09-07,5.8854353e-06
2018-09-08,4.335731e-08
2018-09-09,0.43139103
2018-09-10,3.571653e-13
2018-09-11,0.011536722
2018-09-12,6.380475e-08
2018-09-13,1.0
2018-09-14,1.0
2018-09-15,1.0
2018-09-16,1.0
2018-09-17,1.0
2018-09-18,1.0
2018-09-19,1.0
2018-09-20,0.9999577
2018-09-21,0.999987
2018-09-22,1.0
2018-09-23,0.99999994
2018-09-24,1.0
2018-09-25,0.999998
2018-09-26,1.0
2018-09-27,1.0
2018-09-28,0.9999984
2018-09-29,0.0010986709
2018-09-30,0.0025726066
2018-10-01,0.7827362
2018-10-02,1.9450874e-06
2018-10-03,1.0188958e-05
2018-10-04,0.9981364
2018-10-05,0.046128068
2018-10-06,0.14950885
2018-10-07,0.0010562394
2018-10-08,0.9998491
2018-10-09,2.8320866e-07
2018-10-10,1.3312669e-07
2018-10-11,5.1570527e-12
2018-10-12,7.961872e-13
2018-10-13,7.443158e-08
2018-10-14,3.017154e-09
2018-10-15,1.5119028e-10
2018-10-16,1.0
2018-10-17,1.0
2018-10-18,0.99999887
2018-10-19,0.98413855
2018-10-20,0.999998
2018-10-21,0.0027354055
2018-10-22,0.010177712
2018-10-23,1.8541064e-08
2018-10-24,0.008151855
2018-10-25,3.2069024e-06
2018-10-26,2.9953721e-06
2018-10-27,3.503475e-08
2018-10-28,3.309104e-06
2018-10-29,1.5943555e-10
2018-10-30,1.6739275e-05
2018-10-31,0.00076249224
2018-11-01,0.0008647725
2018-11-02,0.0042992714
2018-11-03,4.0257564e-05
2018-11-04,0.8315803
2018-11-05,0.033579797
2018-11-06,0.92695564
2018-11-07,2.3308217e-05
2018-11-08,1.3003233e-05
2018-11-09,0.006053005
2018-11-10,2.4627245e-06
2018-11-11,1.4598507e-05
2018-11-12,0.00012795826
2018-11-13,0.00041984656
2018-11-14,1.9696502e-16
2018-11-15,3.6320887e-20
2018-11-16,1.6996449e-06
2018-11-17,6.027249e-24
2018-11-18,3.1813122e-18
2018-11-19,0.0
2018-11-20,2.4759603e-29
2018-11-21,2.6597067e-27
2018-11-22,0.13217181
2018-11-23,3.10892e-07
2018-11-24,9.458821e-16
2018-11-25,1.0
2018-11-26,1.0
2018-11-27,1.0
2018-11-28,1.0
2018-11-29,1.0
2018-11-30,1.0
2018-12-01,1.0
2018-12-02,1.0
2018-12-03,1.0
2018-12-04,1.0
2018-12-05,1.0
2018-12-06,1.0
2018-12-07,1.0
2018-12-08,1.0
2018-12-09,1.0
2018-12-10,1.0
2018-12-11,1.0
2018-12-12,1.0
2018-12-13,1.0
2018-12-14,1.0
2018-12-15,1.0
2018-12-16,1.0
2018-12-17,1.0
2018-12-18,1.0
2018-12-19,1.0
2018-12-20,1.0
2018-12-21,1.0
2018-12-22,1.0
2018-12-23,1.0
2018-12-24,1.0
2018-12-25,1.0
2018-12-26,0.9831571
2018-12-27,1.1064317e-09
2018-12-28,0.0020767762
2018-12-29,3.5626547e-07
2018-12-30,0.6332841
2018-12-31,0.26007336
2019-01-01,1.0
2019-01-02,0.5076456
2019-01-03,0.9892136
2019-01-04,0.83503926
2019-01-05,0.0071825814
2019-01-06,0.071215235
2019-01-07,0.08136951
2019-01-08,9.4502175e-09
2019-01-09,0.0034713894
2019-01-10,4.6935807e-23
2019-01-11,3.441638e-21
2019-01-12,0.00015347896
2019-01-13,1.8390283e-12
2019-01-14,1.3045994e-15
2019-01-15,4.3073666e-16
2019-01-16,2.6193172e-06
2019-01-17,2.0097214e-07
2019-01-18,0.99994826
2019-01-19,1.0
2019-01-20,0.002131366
2019-01-21,1.0
2019-01-22,0.0001402416
2019-01-23,0.92232984
2019-01-24,0.9999992
2019-01-25,0.5488715
2019-01-26,1.0
2019-01-27,0.9982455
2019-01-28,8.2123815e-14
2019-01-29,2.151589e-08
2019-01-30,0.9907996
2019-01-31,4.7117983e-06
2019-02-01,0.97228855
2019-02-02,0.99999994
2019-02-03,1.0
2019-02-04,0.9999992
2019-02-05,0.9999555
2019-02-06,1.707776e-05
2019-02-07,1.0
2019-02-08,0.021524003
2019-02-09,1.0
2019-02-10,1.0
2019-02-11,0.9994007
2019-02-12,0.00023552714
2019-02-13,0.3039267
2019-02-14,0.9998297
2019-02-15,0.99998915
2019-02-16,0.9999992
2019-02-17,0.00078946486
2019-02-18,9.472845e-06
2019-02-19,2.6612568e-10
2019-02-20,8.927036e-07
2019-02-21,2.1775412e-07
2019-02-22,0.98820585
2019-02-23,1.6487606e-06
2019-02-24,4.188056e-21
2019-02-25,2.851903e-20
2019-02-26,1.3182064e-15
2019-02-27,4.629095e-20
2019-02-28,2.524796e-20
2019-03-01,3.32157e-07
2019-03-02,0.34997827
2019-03-03,2.7260856e-07
2019-03-04,7.6090385e-19
2019-03-05,2.2043154e-11
2019-03-06,0.035617907
2019-03-07,0.00021521476
2019-03-08,1.3104495e-12
2019-03-09,4.9910042e-08
2019-03-10,0.29240707
2019-03-11,5.240902e-16
2019-03-12,4.943237e-07
2019-03-13,0.00047525775
2019-03-14,3.676544e-08
2019-03-15,0.95648736
2019-03-16,3.947833e-07
2019-03-17,0.08434698
2019-03-18,0.42202964
2019-03-19,0.9999701
2019-03-20,0.7847431
2019-03-21,1.3526002e-15
2019-03-22,0.99927133
2019-03-23,0.0021148145
2019-03-24,9.474029e-05
2019-03-25,5.75866e-17
2019-03-26,2.5849822e-11
2019-03-27,6.6874045e-13
2019-03-28,0.998166
2019-03-29,1.8408505e-07
2019-03-30,0.8911029
2019-03-31,0.9913695
2019-04-01,0.57291836
2019-04-02,1.0
2019-04-03,1.0
2019-04-04,2.5228422e-08
2019-04-05,0.00055599475
2019-04-06,4.4189665e-09
2019-04-07,6.1659096e-09
2019-04-08,6.9019413e-19
2019-04-09,3.656408e-17
2019-04-10,4.7210347e-24
2019-04-11,0.0
2019-04-12,4.6121707e-29
2019-04-13,1.42586e-10
2019-04-14,8.700872e-08
2019-04-15,1.31486626e-23
2019-04-16,3.1779438e-12
2019-04-17,1.2103897e-06
2019-04-18,0.0052052825
2019-04-19,1.1198082e-07
2019-04-20,0.9436278
2019-04-21,3.637359e-07
2019-04-22,3.5038075e-09
2019-04-23,1.4466076e-22
2019-04-24,6.7188666e-29
2019-04-25,4.7742833e-38
2019-04-26,2.3613916e-34
2019-04-27,7.258223e-06
2019-04-28,0.000110943496
2019-04-29,6.285261e-11
2019-04-30,1.4350566e-07
2019-05-01,0.022494733
2019-05-02,0.8291905
2019-05-03,1.7734522e-14
2019-05-04,1.2813265e-08
2019-05-05,1.0
2019-05-06,0.9999058
2019-05-07,3.5607698e-13
2019-05-08,1.0
2019-05-09,1.0
2019-05-10,0.011138587
2019-05-11,4.887636e-10
2019-05-12,1.6270603e-22
2019-05-13,1.6831276e-06
2019-05-14,1.2613417e-07
2019-05-15,1.0
2019-05-16,1.8973547e-31
2019-05-17,0.0
2019-05-18,1.3752965e-36
2019-05-19,0.0
2019-05-20,0.0
2019-05-21,0.0
2019-05-22,0.0
2019-05-23,0.0
2019-05-24,5.504565e-38
2019-05-25,0.5203303
2019-05-26,4.1946517e-17
2019-05-27,2.2186252e-20
2019-05-28,1.0
2019-05-29,1.0
2019-05-30,0.0
2019-05-31,4.9966955e-29
2019-06-01,1.1503187e-06
2019-06-02,0.9724819
2019-06-03,0.0
2019-06-04,0.0
2019-06-05,0.0
2019-06-06,3.3014023e-38
2019-06-07,1.5030913e-23
2019-06-08,1.0612216e-17
2019-06-09,2.0445293e-31
2019-06-10,6.7170393e-12
2019-06-11,1.08384e-09
2019-06-12,1.0
2019-06-13,1.0
2019-06-14,1.0
2019-06-15,1.0
2019-06-16,0.00020009166
2019-06-17,1.0
2019-06-18,0.9999994
2019-06-19,1.0
2019-06-20,1.0
2019-06-21,1.0
2019-06-22,3.1613923e-11
2019-06-23,1.0
2019-06-24,1.0
2019-06-25,1.0
2019-06-26,0.09524999
2019-06-27,0.0
2019-06-28,3.1301607e-35
2019-06-29,0.0
2019-06-30,0.0
2019-07-01,0.0
2019-07-02,0.0
2019-07-03,0.0
2019-07-04,0.0
2019-07-05,0.0
2019-07-06,1.5726638e-29
2019-07-07,9.646022e-09
2019-07-08,1.0
2019-07-09,2.720379e-10
2019-07-10,0.0
2019-07-11,0.0
2019-07-12,1.1796304e-19
2019-07-13,2.4545612e-25
2019-07-14,0.0
2019-07-15,0.0
2019-07-16,0.0
2019-07-17,0.0
2019-07-18,0.0
2019-07-19,0.00037075777
2019-07-20,0.002131366
2019-07-21,0.020489903
2019-07-22,1.2015255e-07
2019-07-23,1.9054796e-22
2019-07-24,9.8955575e-26
2019-07-25,1.6611758e-13
2019-07-26,2.9753413e-15
2019-07-27,2.1180878e-33
2019-07-28,1.5888307e-21
2019-07-29,9.7136474e-17
2019-07-30,6.712669e-09
2019-07-31,1.0
2019-08-01,1.0
2019-08-02,1.0
2019-08-03,1.0
2019-08-04,1.0
2019-08-05,1.0
2019-08-06,1.0
2019-08-07,1.0
2019-08-08,1.0
2019-08-09,1.0
2019-08-10,8.297354e-05
2019-08-11,0.77245665
2019-08-12,0.0022862668
2019-08-13,1.165728e-33
2019-08-14,0.0
2019-08-15,0.0
2019-08-16,0.0
2019-08-17,1.0068715e-29
2019-08-18,1.3738623e-25
2019-08-19,1.0
2019-08-20,1.0
2019-08-21,1.0977186e-17
2019-08-22,3.0941964e-11
2019-08-23,0.42702484
2019-08-24,2.223835e-10
2019-08-25,4.876114e-07
2019-08-26,0.9926154
2019-08-27,1.0941198e-12
2019-08-28,8.091868e-28
2019-08-29,5.9551686e-31
2019-08-30,1.977064e-17
2019-08-31,5.965352e-13
2019-09-01,1.1404546e-13
2019-09-02,1.0
2019-09-03,1.0
2019-09-04,1.0
2019-09-05,1.0
2019-09-06,1.0
2019-09-07,0.999353
2019-09-08,0.00032001967
2019-09-09,0.8953918
2019-09-10,1.0962444e-08
2019-09-11,1.9664177e-09
2019-09-12,0.99799263
2019-09-13,0.9982815
2019-09-14,4.140774e-12
2019-09-15,0.14182357
2019-09-16,0.075036906
2019-09-17,2.8461025e-14
2019-09-18,7.065608e-10
2019-09-19,0.81619674
2019-09-20,1.16940186e-07
2019-09-21,4.5469484e-14
2019-09-22,1.2658164e-16
2019-09-23,6.7274434e-18
2019-09-24,0.0
2019-09-25,6.046822e-17
2019-09-26,1.4795466e-29
2019-09-27,1.25547e-35
2019-09-28,1.4864651e-37
2019-09-29,2.7594737e-33
2019-09-30,1.0
2019-10-01,1.0
2019-10-02,1.0
2019-10-03,1.0
2019-10-04,1.0
2019-10-05,4.702879e-13
2019-10-06,0.93051785
2019-10-07,1.0
2019-10-08,1.0
2019-10-09,1.0
2019-10-10,1.0
2019-10-11,1.0
2019-10-12,9.30749e-12
2019-10-13,1.0
2019-10-14,1.0
2019-10-15,0.99964535
2019-10-16,1.08832155e-05
2019-10-17,0.0018094504
2019-10-18,8.870316e-08
2019-10-19,4.360843e-05
2019-10-20,1.0
2019-10-21,1.0
2019-10-22,0.9997945
2019-10-23,0.8536468
2019-10-24,2.3473125e-16
2019-10-25,1.0
2019-10-26,1.0
2019-10-27,1.0
2019-10-28,1.0
2019-10-29,1.0
2019-10-30,1.0
2019-10-31,1.0
2019-11-01,1.0
2019-11-02,1.0
2019-11-03,0.028437885
2019-11-04,0.99999964
2019-11-05,0.9998835
2019-11-06,0.00050263293
2019-11-07,1.6369085e-11
2019-11-08,1.1051573e-29
2019-11-09,3.2382546e-21
2019-11-10,5.1314463e-11
2019-11-11,1.8119148e-06
2019-11-12,6.390094e-20
2019-11-13,2.121307e-13
2019-11-14,3.487927e-19
2019-11-15,0.97444254
2019-11-16,9.1081755e-09
2019-11-17,2.15153e-09
2019-11-18,0.0029990645
2019-11-19,0.9999537
2019-11-20,3.2957696e-20
2019-11-21,7.217296e-19
2019-11-22,0.0
2019-11-23,0.0025766813
2019-11-24,7.021662e-33
2019-11-25,2.3378432e-21
2019-11-26,2.5910142e-06
2019-11-27,0.883946
2019-11-28,1.0
2019-11-29,1.0
2019-11-30,1.0
2019-12-01,1.0
2019-12-02,1.0
2019-12-03,1.0
2019-12-04,0.12902568
2019-12-05,1.0
2019-12-06,1.0
2019-12-07,1.0
2019-12-08,1.0
2019-12-09,1.0
2019-12-10,1.0
2019-12-11,0.824507
2019-12-12,1.0
2019-12-13,0.99951375
2019-12-14,1.28251e-05
2019-12-15,0.003191093
2019-12-16,1.0
2019-12-17,0.9998945
2019-12-18,0.99999905
2019-12-19,1.0
2019-12-20,1.0
2019-12-21,0.010072495
2019-12-22,1.0
2019-12-23,1.0
2019-12-24,1.0
2019-12-25,0.9999925
2019-12-26,1.0
2019-12-27,0.99818015
2019-12-28,0.9999793
2019-12-29,0.9999982
2019-12-30,0.003427331
2019-12-31,4.1805004e-05
2020-01-01,6.335717e-11
2020-01-02,1.2364752e-12
2020-01-03,5.8786874e-08
2020-01-04,0.9998938
2020-01-05,1.0
2020-01-06,1.0
2020-01-07,0.19380547
2020-01-08,8.751166e-07
2020-01-09,4.003428e-09
2020-01-10,2.777837e-09
2020-01-11,0.1102141
2020-01-12,1.0
2020-01-13,0.9999963
2020-01-14,2.9575177e-16
2020-01-15,3.8578515e-20
2020-01-16,0.024372384
2020-01-17,5.036503e-20
2020-01-18,1.0
2020-01-19,1.3191876e-37
2020-01-20,5.0055124e-09
2020-01-21,1.3173988e-06
2020-01-22,1.9506919e-08
2020-01-23,1.745391e-26
2020-01-24,6.5385294e-15
2020-01-25,7.985459e-21
2020-01-26,1.6334491e-08
2020-01-27,9.008658e-09
2020-01-28,3.0362476e-15
2020-01-29,0.9997003
2020-01-30,0.004033955
2020-01-31,1.0
2020-02-01,1.0
2020-02-02,0.9995071
2020-02-03,2.3958147e-09
2020-02-04,2.9253214e-19
2020-02-05,5.2897467e-25
2020-02-06,1.569085e-23
2020-02-07,0.99998194
2020-02-08,0.9999989
2020-02-09,1.0
2020-02-10,6.1171867e-18
2020-02-11,2.7219659e-11
2020-02-12,1.4271179e-09
2020-02-13,0.0
2020-02-14,0.98164916
2020-02-15,3.8378607e-27
2020-02-16,2.0476379e-29
2020-02-17,0.0
2020-02-18,1.6343355e-33
2020-02-19,1.9908672e-26
2020-02-20,2.7355499e-30
2020-02-21,8.889232e-24
2020-02-22,2.0927867e-08
2020-02-23,0.121523395
2020-02-24,0.001361463
2020-02-25,1.1102504e-08
2020-02-26,0.0
2020-02-27,0.0
2020-02-28,2.2969185e-33
2020-02-29,0.0
2020-03-01,6.445108e-19
2020-03-02,0.9999998
2020-03-03,1.0
2020-03-04,0.0013850662
2020-03-05,1.0
2020-03-06,1.0
2020-03-07,1.0
2020-03-08,2.4455889e-25
2020-03-09,1.8690287e-32
2020-03-10,3.9413625e-27
2020-03-11,1.219753e-19
2020-03-12,0.0
2020-03-13,0.0
2020-03-14,0.0
2020-03-15,1.5709599e-15
2020-03-16,0.0
2020-03-17,1.0
2020-03-18,1.0
2020-03-19,1.0
2020-03-20,1.0
2020-03-21,1.0
2020-03-22,1.0
2020-03-23,1.0
2020-03-24,1.0
2020-03-25,1.0
2020-03-26,1.0
2020-03-27,1.0
2020-03-28,1.0
2020-03-29,1.0
2020-03-30,1.0
2020-03-31,1.0
2020-04-01,1.0
2020-04-02,1.0
2020-04-03,1.0
2020-04-04,1.0
2020-04-05,1.0
2020-04-06,1.0
2020-04-07,1.0
2020-04-08,1.0
2020-04-09,1.0
2020-04-10,3.5936712e-16
2020-04-11,0.99999994
2020-04-12,1.767979e-20
2020-04-13,7.730012e-27
2020-04-14,6.0947406e-23
2020-04-15,1.101013e-28
2020-04-16,3.8690605e-12
2020-04-17,4.6556607e-07
2020-04-18,1.0
2020-04-19,1.0
2020-04-20,9.6219815e-29
2020-04-21,8.502784e-20
2020-04-22,4.9005136e-12
2020-04-23,4.558187e-13
2020-04-24,2.7371826e-08
2020-04-25,0.9999998
2020-04-26,0.053209584
2020-04-27,5.2947745e-17
2020-04-28,0.10011225
2020-04-29,1.0
2020-04-30,0.9623496
2020-05-01,3.1200326e-24
2020-05-02,8.376062e-11
2020-05-03,4.203016e-38
2020-05-04,0.0
2020-05-05,0.0
2020-05-06,0.0
2020-05-07,7.489133e-33
2020-05-08,0.0
2020-05-09,0.0
2020-05-10,0.0
2020-05-11,0.0
2020-05-12,0.0
2020-05-13,0.0
2020-05-14,0.0
2020-05-15,0.0
2020-05-16,1.9585121e-36
2020-05-17,6.22051e-35
2020-05-18,0.0
2020-05-19,3.3437638e-36
2020-05-20,0.0
2020-05-21,0.0
2020-05-22,0.0
2020-05-23,2.7395988e-25
2020-05-24,0.0
2020-05-25,0.0
2020-05-26,2.4668755e-34
2020-05-27,4.4389106e-32
2020-05-28,4.23886e-22
2020-05-29,0.017841358
2020-05-30,1.0
2020-05-31,1.0
2020-06-01,0.08474379
2020-06-02,0.0
2020-06-03,0.9999989
2020-06-04,0.492449
2020-06-05,0.99999046
2020-06-06,0.0001012631
2020-06-07,9.960044e-07
2020-06-08,3.1375872e-05
2020-06-09,3.488964e-08
2020-06-10,0.024977533
2020-06-11,0.0
2020-06-12,0.9999547
2020-06-13,6.7826824e-09
2020-06-14,3.014903e-14
2020-06-15,1.5031314e-31
2020-06-16,1.0
2020-06-17,1.0
2020-06-18,1.6709608e-08
2020-06-19,4.6663466e-08
2020-06-20,0.51917243
2020-06-21,0.00029561587
2020-06-22,1.0
2020-06-23,0.99999964
2020-06-24,0.99988353
2020-06-25,1.0
2020-06-26,1.0
2020-06-27,0.48866618
2020-06-28,1.7592939e-08
2020-06-29,2.7420062e-06
2020-06-30,2.284625e-05
2020-07-01,0.0012240071
2020-07-02,0.9999972
2020-07-03,0.12403448
2020-07-04,0.9999953
2020-07-05,0.09432828
2020-07-06,1.0
2020-07-07,0.9999995
2020-07-08,1.0
2020-07-09,1.0
2020-07-10,0.9960279
2020-07-11,3.7786267e-05
2020-07-12,0.9999971
2020-07-13,0.11596758
2020-07-14,0.99999815
2020-07-15,3.8640133e-06
2020-07-16,1.121616e-06
2020-07-17,0.04343954
2020-07-18,1.0079909e-06
2020-07-19,0.98466337
2020-07-20,0.015149933
2020-07-21,1.0
2020-07-22,1.0
2020-07-23,1.0
2020-07-24,1.0
2020-07-25,1.0
2020-07-26,1.0
2020-07-27,1.0
2020-07-28,0.99999964
2020-07-29,1.0
2020-07-30,1.0
2020-07-31,1.0
2020-08-01,0.008008041
2020-08-02,0.0
2020-08-03,0.12776887
2020-08-04,4.237935e-12
2020-08-05,3.583253e-24
2020-08-06,5.0736587e-10
2020-08-07,1.161846e-21
2020-08-08,0.99994665
2020-08-09,0.0023024739
2020-08-10,0.0
2020-08-11,0.0
2020-08-12,7.247212e-24
2020-08-13,2.7949968e-25
2020-08-14,8.79472e-13
2020-08-15,2.6586256e-05
2020-08-16,0.69250035
2020-08-17,2.3210648e-30
2020-08-18,7.593054e-29
2020-08-19,1.1044529e-30
2020-08-20,1.0343618e-08
2020-08-21,9.142591e-23
2020-08-22,4.420051e-18
2020-08-23,6.201144e-15
2020-08-24,2.7458453e-13
2020-08-25,1.2421406e-28
2020-08-26,3.8384342e-26
2020-08-27,3.4559015e-08
2020-08-28,3.934043e-10
2020-08-29,9.278903e-05
2020-08-30,0.9999823
2020-08-31,0.001567476
2020-09-01,0.9914913
2020-09-02,1.2129553e-27
2020-09-03,0.0
2020-09-04,0.0
2020-09-05,0.0
2020-09-06,0.8486675
2020-09-07,1.0
2020-09-08,2.6131135e-08
2020-09-09,3.5469415e-17
2020-09-10,1.0
2020-09-11,0.99999994
2020-09-12,1.0
2020-09-13,1.0
2020-09-14,1.0
2020-09-15,1.0
2020-09-16,1.0
2020-09-17,1.0
2020-09-18,1.0
2020-09-19,1.0
2020-09-20,1.0
2020-09-21,1.0
2020-09-22,1.8219228e-10
2020-09-23,9.050417e-14
2020-09-24,1.0
2020-09-25,0.1766103
2020-09-26,0.0010892001
2020-09-27,1.0
2020-09-28,0.9998518
2020-09-29,1.0
2020-09-30,1.0
2020-10-01,1.0
2020-10-02,0.016798692
2020-10-03,4.442161e-14
2020-10-04,7.927928e-13
2020-10-05,1.0
2020-10-06,0.00018063895
2020-10-07,0.99968183
2020-10-08,1.0
2020-10-09,1.0
2020-10-10,1.0
2020-10-11,1.0
2020-10-12,1.0
2020-10-13,1.0
2020-10-14,1.0
2020-10-15,1.0
2020-10-16,0.0002149785
2020-10-17,0.009867665
2020-10-18,0.07581155
2020-10-19,1.0
2020-10-20,1.0
2020-10-21,3.9093635e-08
2020-10-22,1.0
2020-10-23,1.0
2020-10-24,1.0
2020-10-25,1.0
2020-10-26,1.0
2020-10-27,0.9575691
2020-10-28,0.0
2020-10-29,2.689196e-12
2020-10-30,2.6193583e-10
2020-10-31,0.0054246713
2020-11-01,1.0
2020-11-02,6.466814e-12
2020-11-03,1.360307e-08
2020-11-04,1.0223387e-34
2020-11-05,2.9474624e-29
2020-11-06,5.513834e-30
2020-11-07,0.0
2020-11-08,1.0
2020-11-09,0.0
2020-11-10,1.0
2020-11-11,1.4933183e-16
2020-11-12,1.4533121e-36
2020-11-13,5.223657e-16
2020-11-14,0.9781421
2020-11-15,0.9918581
2020-11-16,2.8158888e-16
2020-11-17,2.0458047e-35
2020-11-18,0.0
2020-11-19,8.867437e-20
2020-11-20,0.0007934228
2020-11-21,1.0
2020-11-22,1.9253796e-26
2020-11-23,8.6034686e-36
2020-11-24,0.0
2020-11-25,0.0
2020-11-26,0.0
2020-11-27,0.0
2020-11-28,0.0
2020-11-29,5.112834e-19
2020-11-30,7.4280343e-29
2020-12-01,0.0
2020-12-02,1.0
2020-12-03,1.0
2020-12-04,1.5652366e-10
2020-12-05,1.0
2020-12-06,1.0
2020-12-07,1.0
2020-12-08,0.0
2020-12-09,0.0
2020-12-10,0.0
2020-12-11,0.0
2020-12-12,7.7310543e-13
2020-12-13,1.0
2020-12-14,1.0
2020-12-15,1.0
2020-12-16,1.0
2020-12-17,1.0
2020-12-18,1.0
2020-12-19,1.0
2020-12-20,1.0
2020-12-21,1.0
2020-12-22,1.0
2020-12-23,3.1583523e-24
2020-12-24,1.0
2020-12-25,1.0
2020-12-26,1.0
2020-12-27,1.446116e-30
2020-12-28,1.0
2020-12-29,1.0
2020-12-30,1.0
2020-12-31,1.0
2021-01-01,1.0
2021-01-02,1.0
2021-01-03,1.0
2021-01-04,0.0
2021-01-05,1.0
2021-01-06,1.0
2021-01-07,1.0
2021-01-08,1.0
2021-01-09,1.0
2021-01-10,1.0
2021-01-11,0.0
2021-01-12,0.0
2021-01-13,0.0
2021-01-14,1.0
2021-01-15,0.0
2021-01-16,0.0
2021-01-17,1.6535328e-12
2021-01-18,1.0
2021-01-19,1.0
2021-01-20,4.3642857e-36
2021-01-21,0.0
2021-01-22,0.0
2021-01-23,0.0
2021-01-24,8.260642e-14
2021-01-25,0.0
2021-01-26,0.0
2021-01-27,0.0
2021-01-28,1.0
2021-01-29,2.887357e-10
2021-01-30,1.0
2021-01-31,1.0
2021-02-01,1.0
2021-02-02,1.0
2021-02-03,1.0
2021-02-04,1.0
2021-02-05,1.0
2021-02-06,1.0
2021-02-07,1.0
2021-02-08,1.0
2021-02-09,1.0
2021-02-10,1.0
2021-02-11,1.0
2021-02-12,1.0
2021-02-13,1.0
2021-02-14,1.0
2021-02-15,1.0
2021-02-16,1.0
2021-02-17,1.0
2021-02-18,1.0
2021-02-19,1.0
2021-02-20,1.0
2021-02-21,1.0
2021-02-22,1.0
2021-02-23,0.0
2021-02-24,1.0
2021-02-25,0.0
2021-02-26,0.0
2021-02-27,0.0
2021-02-28,0.0
2021-03-01,1.0
2021-03-02,1.0
2021-03-03,1.0
2021-03-04,1.0
2021-03-05,1.0
2021-03-06,0.00033268228
2021-03-07,1.0
2021-03-08,1.0
2021-03-09,1.0
2021-03-10,1.0
2021-03-11,1.0
2021-03-12,1.0
2021-03-13,1.0
2021-03-14,1.0
2021-03-15,1.0
2021-03-16,1.0
2021-03-17,1.0
2021-03-18,1.0
2021-03-19,1.0450508e-34
2021-03-20,0.0
2021-03-21,0.0
2021-03-22,0.0
2021-03-23,0.0
2021-03-24,0.0
2021-03-25,0.0
2021-03-26,0.9992359
2021-03-27,0.7899344
2021-03-28,0.07774973
2021-03-29,1.0
2021-03-30,1.0
2021-03-31,1.0
2021-04-01,1.0
2021-04-02,1.0
2021-04-03,0.10468937
2021-04-04,0.006164918
2021-04-05,0.9999998
2021-04-06,3.2283403e-08
2021-04-07,0.0
2021-04-08,5.370857e-13
2021-04-09,3.7469215e-11
2021-04-10,1.0
2021-04-11,0.9999998
2021-04-12,1.0
2021-04-13,1.0
2021-04-14,1.0
2021-04-15,1.0
2021-04-16,1.0
2021-04-17,9.67368e-16
2021-04-18,0.0
2021-04-19,0.0
2021-04-20,0.0
2021-04-21,0.0
2021-04-22,0.0
2021-04-23,0.0
2021-04-24,0.0
2021-04-25,3.2881327e-29
2021-04-26,1.0
2021-04-27,1.0
2021-04-28,1.0
2021-04-29,1.0
2021-04-30,1.0
2021-05-01,1.0
2021-05-02,1.0
2021-05-03,1.0
2021-05-04,0.0
2021-05-05,1.0
2021-05-06,0.99999994
2021-05-07,1.0
2021-05-08,1.0
2021-05-09,1.0
2021-05-10,3.0556194e-10
2021-05-11,1.0
2021-05-12,0.0
2021-05-13,0.0
2021-05-14,0.0
2021-05-15,0.0
2021-05-16,0.0
2021-05-17,0.0
2021-05-18,0.0
2021-05-19,0.0
2021-05-20,0.0
2021-05-21,0.0
2021-05-22,0.0
2021-05-23,8.672725e-15
2021-05-24,1.0
2021-05-25,0.0
2021-05-26,0.0
2021-05-27,0.0
2021-05-28,1.0
2021-05-29,0.0
2021-05-30,0.0
2021-05-31,0.0
2021-06-01,0.0
2021-06-02,0.0
2021-06-03,8.050151e-07
2021-06-04,0.0
2021-06-05,0.0
2021-06-06,1.0
2021-06-07,0.0
2021-06-08,1.9702356e-32
2021-06-09,1.0
2021-06-10,1.0
2021-06-11,0.0
2021-06-12,0.0
2021-06-13,0.99637944
2021-06-14,1.0
2021-06-15,1.0
2021-06-16,0.0
2021-06-17,2.0936944e-37
2021-06-18,0.0
2021-06-19,0.0
2021-06-20,0.0
2021-06-21,0.0
2021-06-22,1.0
2021-06-23,0.0
2021-06-24,0.0
2021-06-25,0.0
2021-06-26,0.0
2021-06-27,1.0
2021-06-28,9.529896e-28
2021-06-29,1.0
2021-06-30,9.285551e-09
2021-07-01,0.0
2021-07-02,7.507844e-13
2021-07-03,0.99673593
2021-07-04,1.0
2021-07-05,8.485614e-27
2021-07-06,5.709237e-06
2021-07-07,3.8599457e-18
2021-07-08,0.0
2021-07-09,1.3604747e-17
2021-07-10,1.0
2021-07-11,1.0
2021-07-12,5.45862e-32
2021-07-13,4.2583895e-37
2021-07-14,1.2734612e-28
2021-07-15,0.0
2021-07-16,0.0
2021-07-17,1.0
2021-07-18,1.0
2021-07-19,0.0
2021-07-20,0.0
2021-07-21,0.95666736
2021-07-22,0.9999428
2021-07-23,1.0
2021-07-24,1.0
2021-07-25,1.0
2021-07-26,1.0
2021-07-27,1.0
2021-07-28,1.0
2021-07-29,1.0
2021-07-30,1.0
2021-07-31,1.0
2021-08-01,1.0
2021-08-02,1.0
2021-08-03,0.9925741
2021-08-04,1.0
2021-08-05,1.0
2021-08-06,1.0
2021-08-07,1.0
2021-08-08,1.0
2021-08-09,1.0
2021-08-10,1.0
2021-08-11,1.0
2021-08-12,1.0
2021-08-13,1.0
2021-08-14,1.0
2021-08-15,9.55527e-20
2021-08-16,1.0
2021-08-17,1.0
2021-08-18,1.0
2021-08-19,1.0
2021-08-20,1.0
2021-08-21,1.0
2021-08-22,1.3250155e-14
2021-08-23,1.0
2021-08-24,1.0
2021-08-25,2.2415234e-15
2021-08-26,1.0
2021-08-27,2.887282e-20
2021-08-28,2.9795367e-35
2021-08-29,2.3261377e-35
2021-08-30,0.0
2021-08-31,3.7168932e-06
2021-09-01,1.0
2021-09-02,1.0
2021-09-03,1.0
2021-09-04,3.9897676e-09
2021-09-05,1.0
2021-09-06,1.0
2021-09-07,0.0
2021-09-08,0.0
2021-09-09,0.0
2021-09-10,0.0
2021-09-11,0.0
2021-09-12,1.2234802e-28
2021-09-13,0.0
2021-09-14,0.9998997
2021-09-15,1.0
2021-09-16,1.0
2021-09-17,1.0
2021-09-18,1.0
2021-09-19,1.0
2021-09-20,0.0
2021-09-21,0.0
2021-09-22,0.0
2021-09-23,1.0
2021-09-24,0.0
2021-09-25,4.8809893e-06
2021-09-26,1.0
2021-09-27,1.0
2021-09-28,1.0
2021-09-29,1.0
2021-09-30,1.0
2021-10-01,1.0
2021-10-02,1.0
2021-10-03,1.0
2021-10-04,1.0
2021-10-05,1.0
2021-10-06,1.0
2021-10-07,1.0
2021-10-08,1.0
2021-10-09,1.0
2021-10-10,1.0
2021-10-11,1.0
2021-10-12,1.0
2021-10-13,1.0
2021-10-14,2.6737759e-08
2021-10-15,1.0
2021-10-16,0.999974
2021-10-17,0.9939749
2021-10-18,0.99150777
2021-10-19,1.0
2021-10-20,1.0
2021-10-21,1.0
2021-10-22,0.0
2021-10-23,0.0
2021-10-24,0.0
2021-10-25,0.0
2021-10-26,0.0
2021-10-27,0.0
2021-10-28,1.0
2021-10-29,2.0327775e-32
2021-10-30,1.791634e-34
2021-10-31,3.0600572e-33
2021-11-01,2.3485196e-33
2021-11-02,1.6929294e-08
2021-11-03,1.6733415e-14
2021-11-04,3.561206e-31
2021-11-05,2.5925658e-38
2021-11-06,1.0
2021-11-07,3.101634e-08
2021-11-08,1.0
2021-11-09,1.0
2021-11-10,1.0
2021-11-11,4.4646977e-21
2021-11-12,3.4930868e-23
2021-11-13,1.0
2021-11-14,9.509919e-06
2021-11-15,0.0
2021-11-16,0.0
2021-11-17,0.0
2021-11-18,0.0
2021-11-19,0.0
2021-11-20,4.23409e-23
2021-11-21,1.0
2021-11-22,2.2103646e-27
2021-11-23,0.0075795827
2021-11-24,0.99524164
2021-11-25,1.0
2021-11-26,0.0
2021-11-27,1.0
2021-11-28,1.0
2021-11-29,1.0
2021-11-30,1.0
2021-12-01,1.0
2021-12-02,1.0
2021-12-03,1.0
2021-12-04,0.0
2021-12-05,5.7829247e-15
2021-12-06,1.0
2021-12-07,4.0057145e-15
2021-12-08,0.9219442
2021-12-09,0.0
2021-12-10,0.0012797054
2021-12-11,0.0
2021-12-12,0.0
2021-12-13,1.0
2021-12-14,1.0
2021-12-15,1.0
2021-12-16,0.0
2021-12-17,1.0
2021-12-18,0.0
2021-12-19,0.0
2021-12-20,1.0
2021-12-21,1.0
2021-12-22,0.0
2021-12-23,0.99999106
2021-12-24,0.0
2021-12-25,0.0
2021-12-26,0.0
2021-12-27,2.2450188e-34
2021-12-28,1.0
2021-12-29,0.9999685
2021-12-30,1.0
2021-12-31,0.027936323
2022-01-01,0.0
2022-01-02,0.0
2022-01-03,1.0
2022-01-04,1.0
2022-01-05,0.9996928
2022-01-06,0.9999969
2022-01-07,0.0
2022-01-08,3.105888e-25
2022-01-09,1.0551488e-35
2022-01-10,1.0
2022-01-11,1.0
2022-01-12,1.0
2022-01-13,1.0
2022-01-14,1.0
2022-01-15,0.0
2022-01-16,0.0
2022-01-17,1.0
2022-01-18,1.0
2022-01-19,1.0
2022-01-20,1.0
2022-01-21,0.0
2022-01-22,0.0
2022-01-23,0.010336331
2022-01-24,0.0
2022-01-25,2.782516e-19
2022-01-26,0.0
2022-01-27,0.0
2022-01-28,1.0
2022-01-29,1.0388194e-25
2022-01-30,0.0
2022-01-31,1.0
2022-02-01,1.0
2022-02-02,1.0
2022-02-03,1.0
2022-02-04,1.0
2022-02-05,1.0
2022-02-06,0.0
2022-02-07,1.0
2022-02-08,1.0
2022-02-09,1.0
2022-02-10,1.0
2022-02-11,1.0
2022-02-12,0.596978
2022-02-13,1.0
2022-02-14,0.00017220007
2022-02-15,1.0
2022-02-16,0.013175997
2022-02-17,0.0
2022-02-18,1.619135e-22
2022-02-19,1.0
2022-02-20,4.2774377e-30
2022-02-21,0.0
2022-02-22,0.0
2022-02-23,3.7460087e-29
2022-02-24,0.0
2022-02-25,0.07588
2022-02-26,1.0
2022-02-27,1.9584876e-23
2022-02-28,1.0
2022-03-01,1.0
2022-03-02,1.0
2022-03-03,1.0
2022-03-04,3.8793098e-27
2022-03-05,2.0026468e-11
2022-03-06,2.0083887e-18
2022-03-07,0.0
2022-03-08,0.0
2022-03-09,1.0
2022-03-10,3.6017657e-14
2022-03-11,3.9565733e-29
2022-03-12,0.0015364556
2022-03-13,0.0098963315
2022-03-14,1.0
2022-03-15,1.0
2022-03-16,1.0
2022-03-17,1.0
2022-03-18,1.0
2022-03-19,1.0
2022-03-20,1.0
2022-03-21,1.0
2022-03-22,1.0
2022-03-23,1.0
2022-03-24,1.0
2022-03-25,1.0
2022-03-26,3.0532154e-12
2022-03-27,1.0
2022-03-28,1.0
2022-03-29,1.0
2022-03-30,1.0
2022-03-31,1.0
2022-04-01,1.0
2022-04-02,2.6386888e-18
2022-04-03,3.4871705e-18
2022-04-04,2.7108019e-14
2022-04-05,4.611296e-27
2022-04-06,0.0
2022-04-07,1.2587778e-37
2022-04-08,0.0
2022-04-09,1.0
2022-04-10,7.338914e-15
2022-04-11,0.0
2022-04-12,0.0
2022-04-13,6.9396657e-07
2022-04-14,2.5701937e-11
2022-04-15,0.9918344
2022-04-16,0.83746296
2022-04-17,1.0
2022-04-18,0.006740534
2022-04-19,1.0
2022-04-20,1.0
2022-04-21,0.0009686352
2022-04-22,0.99999523
2022-04-23,1.0
2022-04-24,0.99997675
2022-04-25,0.9999668
2022-04-26,0.0
2022-04-27,4.253889e-31
2022-04-28,6.8673933e-15
2022-04-29,0.0
2022-04-30,0.99999857
2022-05-01,1.0
2022-05-02,1.973044e-29
2022-05-03,1.0
2022-05-04,1.0
2022-05-05,0.0
2022-05-06,0.0
2022-05-07,0.9997478
2022-05-08,0.0
2022-05-09,1.5019094e-25
2022-05-10,0.0
2022-05-11,1.0
2022-05-12,1.0
2022-05-13,0.0
2022-05-14,0.0
2022-05-15,3.3295107e-27
2022-05-16,0.0
2022-05-17,0.0
2022-05-18,0.0
2022-05-19,0.0
2022-05-20,0.0
2022-05-21,0.0
2022-05-22,1.0
2022-05-23,0.0
2022-05-24,0.0
2022-05-25,0.0
2022-05-26,1.0
2022-05-27,1.0
2022-05-28,1.0
2022-05-29,1.0
2022-05-30,1.0
2022-05-31,1.0
2022-06-01,1.0
2022-06-02,0.00022934354
2022-06-03,1.6400662e-21
2022-06-04,1.0
2022-06-05,1.0
2022-06-06,2.9143867e-13
2022-06-07,1.0
2022-06-08,0.0
2022-06-09,6.794567e-21
2022-06-10,0.0
2022-06-11,0.0
2022-06-12,0.0
2022-06-13,0.0
2022-06-14,0.0
2022-06-15,0.0
2022-06-16,0.0
2022-06-17,0.0
2022-06-18,3.7960283e-35
2022-06-19,1.0
2022-06-20,0.11050173
2022-06-21,1.0
2022-06-22,1.0
2022-06-23,1.0
2022-06-24,1.0
2022-06-25,0.0
2022-06-26,0.0
2022-06-27,1.0
2022-06-28,1.0
2022-06-29,1.0
2022-06-30,1.0
2022-07-01,1.0
2022-07-02,0.0
2022-07-03,0.0
2022-07-04,1.0
2022-07-05,1.0
2022-07-06,1.0
2022-07-07,1.0
2022-07-08,1.0
2022-07-09,1.0
2022-07-10,1.0
2022-07-11,1.0
2022-07-12,1.0
2022-07-13,1.0
2022-07-14,1.0
2022-07-15,1.0
2022-07-16,1.0
2022-07-17,1.0
2022-07-18,1.0
2022-07-19,1.0
2022-07-20,1.0
2022-07-21,1.0
2022-07-22,1.0
2022-07-23,1.0
2022-07-24,1.0
2022-07-25,0.0
2022-07-26,0.0
2022-07-27,0.0
2022-07-28,5.792178e-37
2022-07-29,2.504297e-28
2022-07-30,1.0
2022-07-31,1.0
2022-08-01,0.5511676
2022-08-02,2.6929926e-32
2022-08-03,3.156212e-22
2022-08-04,0.0
2022-08-05,0.0
2022-08-06,8.193697e-26
2022-08-07,2.4786135e-12
2022-08-08,2.1822427e-31
2022-08-09,3.6583372e-11
2022-08-10,0.0
2022-08-11,0.0
2022-08-12,9.548794e-18
2022-08-13,0.99999994
2022-08-14,0.0004450077
2022-08-15,0.0
2022-08-16,0.0
2022-08-17,0.0
2022-08-18,9.685482e-34
2022-08-19,0.0
2022-08-20,0.0
2022-08-21,0.0
2022-08-22,0.0
2022-08-23,0.0
2022-08-24,0.0
2022-08-25,1.5589643e-14
2022-08-26,0.0
2022-08-27,2.0621322e-21
2022-08-28,1.0
2022-08-29,2.9698962e-24
2022-08-30,0.0
2022-08-31,7.447302e-28
2022-09-01,5.074766e-20
2022-09-02,1.4332297e-18
2022-09-03,1.0
2022-09-04,1.0
2022-09-05,1.0
2022-09-06,0.00070919894
2022-09-07,0.00012973533
2022-09-08,4.0429924e-05
2022-09-09,1.0
2022-09-10,1.0
2022-09-11,1.0
2022-09-12,1.0
2022-09-13,1.0
2022-09-14,1.7082676e-13
2022-09-15,6.144454e-34
2022-09-16,0.0
2022-09-17,6.2322536e-24
2022-09-18,0.0
2022-09-19,1.5243183e-37
2022-09-20,0.0
2022-09-21,4.502823e-36
2022-09-22,1.0
2022-09-23,1.0
2022-09-24,9.481678e-26
2022-09-25,3.5019432e-06
2022-09-26,1.0
2022-09-27,1.0
2022-09-28,1.0
2022-09-29,1.0
2022-09-30,1.0
2022-10-01,1.0
2022-10-02,5.801227e-20
2022-10-03,1.188158e-05
2022-10-04,1.0
2022-10-05,1.7401189e-07
2022-10-06,3.8807336e-18
2022-10-07,0.0
2022-10-08,1.0
2022-10-09,1.0
2022-10-10,0.0
2022-10-11,0.0
2022-10-12,0.0
2022-10-13,5.923673e-24
2022-10-14,9.9025304e-36
2022-10-15,1.0
2022-10-16,1.0
2022-10-17,4.0466105e-32
2022-10-18,0.0
2022-10-19,1.3702331e-28
2022-10-20,0.0
2022-10-21,0.0
2022-10-22,1.0
2022-10-23,7.117065e-08
2022-10-24,0.0
2022-10-25,9.492222e-12
2022-10-26,1.0
2022-10-27,4.498007e-17
2022-10-28,2.2153467e-25
2022-10-29,9.948031e-38
2022-10-30,5.7195e-30
2022-10-31,0.0
2022-11-01,0.0
2022-11-02,0.0
2022-11-03,0.0
2022-11-04,3.6524893e-25
2022-11-05,0.0
2022-11-06,0.0
2022-11-07,0.0
2022-11-08,0.0
2022-11-09,0.0
2022-11-10,0.0
2022-11-11,0.0
2022-11-12,0.0
2022-11-13,0.0
2022-11-14,8.882592e-38
2022-11-15,1.153023e-23
2022-11-16,1.5517713e-09
2022-11-17,1.0
2022-11-18,1.0
2022-11-19,1.0
2022-11-20,1.0
2022-11-21,1.0
2022-11-22,1.0
2022-11-23,1.0
2022-11-24,1.0
2022-11-25,1.0
2022-11-26,1.0
2022-11-27,1.0
2022-11-28,1.0
2022-11-29,1.0
2022-11-30,1.0
2022-12-01,1.0
2022-12-02,1.0
2022-12-03,1.0
2022-12-04,1.0
2022-12-05,0.008638479
2022-12-06,1.4653268e-07
2022-12-07,8.566568e-19
2022-12-08,2.973199e-10
2022-12-09,1.1916755e-18
2022-12-10,0.99999976
2022-12-11,0.0002508972
2022-12-12,2.4669444e-24
2022-12-13,0.996075
2022-12-14,6.187355e-07
2022-12-15,2.0098579e-36
2022-12-16,0.0
2022-12-17,2.5579186e-30
2022-12-18,1.0
2022-12-19,0.0
2022-12-20,0.0
2022-12-21,4.092312e-32
2022-12-22,0.0
2022-12-23,1.7097752e-30
2022-12-24,1.0
2022-12-25,0.99995863
2022-12-26,0.9999859
2022-12-27,0.0
2022-12-28,0.0
2022-12-29,4.980994e-37
2022-12-30,0.0
2022-12-31,0.99999267
2023-01-01,1.0
2023-01-02,0.4115409
2023-01-03,4.4921497e-29
2023-01-04,0.0
2023-01-05,2.400044e-25
2023-01-06,0.0
2023-01-07,1.0
2023-01-08,8.390048e-08
2023-01-09,7.301078e-30
2023-01-10,0.0
2023-01-11,8.316752e-21
2023-01-12,1.0
2023-01-13,1.0
2023-01-14,1.0
2023-01-15,1.0
2023-01-16,1.4668776e-13
2023-01-17,0.0
2023-01-18,0.0
2023-01-19,0.0
2023-01-20,0.0
2023-01-21,0.0
2023-01-22,0.0
2023-01-23,0.0
2023-01-24,0.0
2023-01-25,0.0
2023-01-26,0.0
2023-01-27,0.0
2023-01-28,0.0
2023-01-29,0.0
2023-01-30,0.0
2023-01-31,0.0
2023-02-01,0.0
2023-02-02,0.0
2023-02-03,0.0
2023-02-04,0.0
2023-02-05,0.0
2023-02-06,0.0
2023-02-07,0.0
2023-02-08,0.0
2023-02-09,0.0
2023-02-10,0.0
2023-02-11,0.0
2023-02-12,0.0
2023-02-13,0.0
2023-02-14,0.0
2023-02-15,1.6177507e-31
2023-02-16,0.0
2023-02-17,0.8431628
2023-02-18,1.4037176e-20
2023-02-19,0.0
2023-02-20,0.0
2023-02-21,0.0
2023-02-22,0.0
2023-02-23,0.0
2023-02-24,0.0
2023-02-25,0.0
2023-02-26,0.0
2023-02-27,0.0
2023-02-28,0.0
2023-03-01,0.0
2023-03-02,0.0
2023-03-03,0.0
2023-03-04,1.0
2023-03-05,2.6003852e-08
2023-03-06,0.0
2023-03-07,0.0
2023-03-08,0.0
2023-03-09,0.0
2023-03-10,4.0820033e-26
2023-03-11,0.0
2023-03-12,1.0
2023-03-13,1.0
2023-03-14,1.0
2023-03-15,1.0
2023-03-16,1.0
2023-03-17,1.0
2023-03-18,1.0
2023-03-19,1.0
2023-03-20,0.99998873
2023-03-21,0.0
2023-03-22,0.0
2023-03-23,1.0
2023-03-24,1.0
2023-03-25,1.0
2023-03-26,1.0
2023-03-27,0.0
2023-03-28,7.1124344e-32
2023-03-29,1.0
2023-03-30,0.00031222744
2023-03-31,1.0
2023-04-01,1.0
2023-04-02,1.0
2023-04-03,1.568594e-12
2023-04-04,1.0
2023-04-05,1.0
2023-04-06,1.0
2023-04-07,1.7253621e-15
2023-04-08,9.5735634e-17
2023-04-09,1.0
2023-04-10,1.0
2023-04-11,1.0
2023-04-12,1.0
2023-04-13,1.0
2023-04-14,1.0
2023-04-15,2.4284069e-05
2023-04-16,2.5044319e-08
2023-04-17,1.0
2023-04-18,1.0
2023-04-19,0.0
2023-04-20,0.0
2023-04-21,0.0
2023-04-22,6.184504e-33
2023-04-23,1.3088689e-34
2023-04-24,1.5935567e-24
2023-04-25,1.0
2023-04-26,4.9358e-13
2023-04-27,1.0
2023-04-28,1.0
2023-04-29,1.0
2023-04-30,1.0
2023-05-01,1.0155539e-23
2023-05-02,1.0
2023-05-03,0.0018002137
2023-05-04,0.99999994
2023-05-05,1.0
2023-05-06,1.0
2023-05-07,0.02417578
2023-05-08,7.1720096e-35
2023-05-09,3.1852826e-26
2023-05-10,1.8318862e-16
2023-05-11,1.4040975e-28
2023-05-12,0.0
2023-05-13,0.0005920488
2023-05-14,0.7856078
2023-05-15,2.6043025e-11
2023-05-16,4.8865815e-18
2023-05-17,1.0
2023-05-18,1.3904517e-05
2023-05-19,1.0
2023-05-20,0.25438276
2023-05-21,1.0
2023-05-22,1.0
2023-05-23,0.9569096
2023-05-24,4.0725435e-35
2023-05-25,9.6020405e-20
2023-05-26,4.0115866e-15
2023-05-27,0.0012446233
2023-05-28,1.0
2023-05-29,1.0
2023-05-30,1.0
2023-05-31,1.0
2023-06-01,4.6419786e-12
2023-06-02,0.014711885
2023-06-03,0.99717253
2023-06-04,0.9962467
2023-06-05,0.0
2023-06-06,0.9999979
2023-06-07,0.0
2023-06-08,0.014925737
2023-06-09,0.99999976
2023-06-10,7.1472484e-32
2023-06-11,0.9999999
2023-06-12,1.0
2023-06-13,1.2466972e-10
2023-06-14,9.409295e-25
2023-06-15,6.540391e-18
2023-06-16,0.9980635
2023-06-17,1.0
2023-06-18,1.0
2023-06-19,1.0
2023-06-20,1.0
2023-06-21,1.0
2023-06-22,1.0
2023-06-23,1.0
2023-06-24,1.0
2023-06-25,1.0
2023-06-26,1.0
2023-06-27,1.0
2023-06-28,1.0
2023-06-29,1.0
2023-06-30,0.46826017
2023-07-01,7.3392104e-18
2023-07-02,8.885741e-16
2023-07-03,1.0
2023-07-04,1.0
2023-07-05,1.0
2023-07-06,0.9999927
2023-07-07,0.99999964
2023-07-08,1.0
2023-07-09,4.9764096e-17
2023-07-10,1.0
2023-07-11,4.2452946e-05
2023-07-12,1.0
2023-07-13,1.0
2023-07-14,0.99975353
2023-07-15,0.99999964
2023-07-16,8.396079e-13
2023-07-17,6.5750864e-05
2023-07-18,1.3283449e-07
2023-07-19,5.856324e-09
2023-07-20,4.0216605e-08
2023-07-21,3.1478717e-07
2023-07-22,1.0
2023-07-23,6.870454e-05
2023-07-24,3.657946e-15
2023-07-25,1.8364087e-06
2023-07-26,1.1392333e-12
2023-07-27,0.73465645
2023-07-28,0.9830984
2023-07-29,1.0
2023-07-30,0.99999994
2023-07-31,0.99983716
2023-08-01,1.0
2023-08-02,0.99999994
2023-08-03,0.9999998
2023-08-04,0.99999684
2023-08-05,0.9998686
2023-08-06,0.99999934
2023-08-07,1.0
2023-08-08,1.0
2023-08-09,0.9947561
2023-08-10,0.99999994
2023-08-11,0.9999994
2023-08-12,0.0015651853
2023-08-13,0.003184499
2023-08-14,1.0
2023-08-15,0.99999994
2023-08-16,0.99999243
2023-08-17,0.0
2023-08-18,0.0
2023-08-19,3.270207e-10
2023-08-20,4.884323e-08
2023-08-21,0.99819654
2023-08-22,0.0
2023-08-23,9.308383e-22
2023-08-24,1.0
2023-08-25,1.0
2023-08-26,2.6244073e-38
2023-08-27,4.190896e-23
2023-08-28,1.0
2023-08-29,1.0
2023-08-30,1.0
2023-08-31,2.7544643e-28
2023-09-01,5.550379e-25
2023-09-02,0.9999988
2023-09-03,1.0
2023-09-04,1.0
2023-09-05,1.0
2023-09-06,1.0
2023-09-07,1.0
2023-09-08,1.0
2023-09-09,9.0732905e-20
2023-09-10,1.0
2023-09-11,7.30762e-24
2023-09-12,2.6044455e-27
2023-09-13,1.0
2023-09-14,1.0
2023-09-15,1.0
2023-09-16,6.121744e-13
2023-09-17,2.465704e-11
2023-09-18,1.0
2023-09-19,1.0
2023-09-20,1.0
2023-09-21,1.6614891e-06
2023-09-22,0.8170377
2023-09-23,1.4600289e-05
2023-09-24,4.5992154e-05
2023-09-25,0.46218622
2023-09-26,0.0007841865
2023-09-27,1.0458875e-09
2023-09-28,1.0
2023-09-29,1.0
2023-09-30,6.734008e-09
2023-10-01,1.0
2023-10-02,1.0
2023-10-03,1.0
2023-10-04,1.0
2023-10-05,0.999987
2023-10-06,1.0
2023-10-07,3.0023764e-10
2023-10-08,0.0009140061
2023-10-09,0.008131156
2023-10-10,1.685506e-08
2023-10-11,4.4556254e-15
2023-10-12,1.169624e-09
2023-10-13,1.4496703e-07
2023-10-14,1.0
2023-10-15,5.8252477e-05
2023-10-16,1.0
2023-10-17,1.0
2023-10-18,1.0
2023-10-19,1.0
2023-10-20,1.0
2023-10-21,1.0
2023-10-22,1.0
2023-10-23,1.0
2023-10-24,1.0
2023-10-25,1.0
2023-10-26,1.0
2023-10-27,0.9999999
2023-10-28,6.0254465e-08
2023-10-29,8.696152e-10
2023-10-30,1.0
2023-10-31,8.13016e-16
2023-11-01,1.0
2023-11-02,1.0
2023-11-03,1.0
2023-11-04,6.195169e-28
2023-11-05,7.139694e-26
2023-11-06,5.801696e-26
2023-11-07,1.0
2023-11-08,1.8628304e-15
2023-11-09,1.0
2023-11-10,1.0
2023-11-11,7.3256735e-14
2023-11-12,4.0209552e-19
2023-11-13,6.8032364e-19
2023-11-14,1.0
2023-11-15,1.0
2023-11-16,1.0
2023-11-17,1.0
2023-11-18,1.576893e-29
2023-11-19,2.4567605e-19
2023-11-20,2.2663126e-10
2023-11-21,0.6461965
2023-11-22,1.0
2023-11-23,2.2128223e-13
2023-11-24,1.0
2023-11-25,3.4209708e-09
2023-11-26,3.3046787e-15
2023-11-27,1.8398763e-13
2023-11-28,2.0459305e-05
2023-11-29,1.8811248e-05
2023-11-30,6.767243e-12
2023-12-01,1.0
2023-12-02,0.99419314
2023-12-03,0.99999255
2023-12-04,1.0
2023-12-05,1.0
2023-12-06,1.0
2023-12-07,1.0
2023-12-08,1.0
2023-12-09,4.2744126e-05
2023-12-10,3.1255396e-22
2023-12-11,0.9999841
2023-12-12,5.521917e-30
2023-12-13,1.0
2023-12-14,2.5726383e-21
2023-12-15,5.490698e-32
2023-12-16,2.1903683e-29
2023-12-17,7.886962e-33
2023-12-18,1.0
2023-12-19,4.8771735e-08
2023-12-20,1.0
2023-12-21,0.99933416
2023-12-22,0.87761515
2023-12-23,3.1051275e-07
2023-12-24,1.7419601e-13
2023-12-25,3.106771e-10
2023-12-26,1.5038648e-13
2023-12-27,4.773508e-08
2023-12-28,2.0476123e-16
2023-12-29,1.0735999e-17
2023-12-30,2.2084469e-23
2023-12-31,3.2293516e-19
2024-01-01,0.9999032
2024-01-02,1.0
2024-01-03,1.0
2024-01-04,1.0
2024-01-05,1.0
2024-01-06,8.7097715e-06
2024-01-07,9.5524076e-05
2024-01-08,1.0
2024-01-09,1.0
2024-01-10,1.0
2024-01-11,1.0
2024-01-12,0.0
2024-01-13,2.8636458e-26
2024-01-14,1.9851758e-37
2024-01-15,3.0965514e-19
2024-01-16,5.6273144e-08
2024-01-17,3.6378082e-16
2024-01-18,8.990483e-16
2024-01-19,4.6965744e-22
2024-01-20,0.99999577
2024-01-21,1.0
2024-01-22,0.0
2024-01-23,0.0
2024-01-24,1.0
2024-01-25,0.9999989
2024-01-26,1.0
2024-01-27,3.2272927e-20
2024-01-28,1.0
2024-01-29,1.0
2024-01-30,1.0
2024-01-31,1.0
2024-02-01,1.0
2024-02-02,1.0
2024-02-03,1.0
2024-02-04,0.999991
2024-02-05,0.9885342
2024-02-06,0.9946584
2024-02-07,1.0
2024-02-08,1.0
2024-02-09,1.0
2024-02-10,1.4567872e-20
2024-02-11,1.0
2024-02-12,1.0
2024-02-13,1.0
2024-02-14,1.0
2024-02-15,1.0
2024-02-16,1.0
2024-02-17,1.0248101e-08
2024-02-18,2.1882302e-29
2024-02-19,3.6469953e-22
2024-02-20,1.7032702e-13
2024-02-21,1.3542146e-25
2024-02-22,4.705113e-36
2024-02-23,0.0
2024-02-24,1.0
2024-02-25,1.0
2024-02-26,0.9999998
2024-02-27,1.0
2024-02-28,1.0
2024-02-29,1.0
2024-03-01,1.0
2024-03-02,5.5839742e-14
2024-03-03,0.99999964
2024-03-04,1.0
2024-03-05,1.0
2024-03-06,1.0
2024-03-07,3.5550313e-23
2024-03-08,1.0
2024-03-09,0.0
2024-03-10,0.0
2024-03-11,1.0
2024-03-12,1.0
2024-03-13,1.3732661e-23
2024-03-14,1.0
2024-03-15,1.0
2024-03-16,0.0
2024-03-17,0.0
2024-03-18,0.0
2024-03-19,0.0
2024-03-20,1.0
2024-03-21,0.0
2024-03-22,0.0
2024-03-23,1.0
2024-03-24,1.2723567e-24
2024-03-25,1.0
2024-03-26,1.0
2024-03-27,1.0
2024-03-28,1.0
2024-03-29,2.5496423e-19
2024-03-30,1.0
2024-03-31,1.6705751e-12
2024-04-01,9.912082e-23
2024-04-02,0.0
2024-04-03,0.0
2024-04-04,6.8933294e-29
2024-04-05,3.691133e-33
2024-04-06,1.0
2024-04-07,0.52154887
2024-04-08,1.0
2024-04-09,9.799385e-08
2024-04-10,1.0
2024-04-11,5.452552e-10
2024-04-12,7.371534e-18
2024-04-13,0.0
2024-04-14,1.3848636e-19
2024-04-15,0.0
2024-04-16,2.2805287e-27
2024-04-17,0.0
2024-04-18,8.203701e-08
2024-04-19,1.0
2024-04-20,6.37053e-34
2024-04-21,9.984543e-20
2024-04-22,0.0
2024-04-23,0.0
2024-04-24,1.0
2024-04-25,0.9999995
2024-04-26,2.4552588e-10
2024-04-27,0.8259155
2024-04-28,1.0
2024-04-29,0.9999858
2024-04-30,4.674328e-08
2024-05-01,0.0
2024-05-02,5.0001514e-08
2024-05-03,1.0
2024-05-04,2.7923033e-38
2024-05-05,0.0
2024-05-06,1.4800475e-12
2024-05-07,1.0709521e-27
2024-05-08,6.888656e-27
2024-05-09,4.1872612e-19
2024-05-10,1.0
2024-05-11,1.0
2024-05-12,1.0
2024-05-13,3.351382e-06
2024-05-14,0.99999934
2024-05-15,1.0
2024-05-16,0.0
2024-05-17,0.0
2024-05-18,0.0
2024-05-19,7.9927206e-19
2024-05-20,1.0
2024-05-21,1.0
2024-05-22,2.5328876e-37
2024-05-23,0.9998257
2024-05-24,0.25876004
2024-05-25,1.0
2024-05-26,1.0
2024-05-27,0.55647635
2024-05-28,1.0
2024-05-29,1.0
2024-05-30,1.0
2024-05-31,1.0
2024-06-01,1.0
2024-06-02,1.0
2024-06-03,1.0
2024-06-04,7.739875e-25
2024-06-05,1.8987449e-31
2024-06-06,9.012207e-26
2024-06-07,0.007179101
2024-06-08,1.0
2024-06-09,1.0
2024-06-10,1.0
2024-06-11,5.6946508e-33
2024-06-12,1.9894097e-26
2024-06-13,1.0
2024-06-14,1.0
2024-06-15,1.0
2024-06-16,1.0
2024-06-17,1.0
2024-06-18,1.821456e-15
2024-06-19,1.0
2024-06-20,1.0
2024-06-21,1.0
2024-06-22,1.0
2024-06-23,1.0
2024-06-24,3.6988552e-19
2024-06-25,1.0
2024-06-26,0.9994839
2024-06-27,1.0
2024-06-28,7.6543683e-34
2024-06-29,1.0
2024-06-30,0.0060640313
2024-07-01,0.0
2024-07-02,5.129223e-27
2024-07-03,0.04085791
2024-07-04,0.980268
2024-07-05,0.0
2024-07-06,0.0
2024-07-07,1.0
2024-07-08,1.0
2024-07-09,0.0
2024-07-10,0.0
2024-07-11,0.0
2024-07-12,0.0
2024-07-13,0.0
2024-07-14,0.0
2024-07-15,0.0
2024-07-16,1.0
2024-07-17,0.0
2024-07-18,0.0
2024-07-19,0.0
2024-07-20,0.0
2024-07-21,0.0
2024-07-22,0.0
2024-07-23,0.026413515
2024-07-24,1.0
2024-07-25,3.241722e-13
2024-07-26,4.552076e-22
2024-07-27,4.4389087e-14
2024-07-28,1.0
2024-07-29,2.7680238e-18
2024-07-30,1.0
2024-07-31,1.0
2024-08-01,5.1215082e-24
2024-08-02,0.0
2024-08-03,1.0
2024-08-04,1.0
2024-08-05,0.0
2024-08-06,0.0
2024-08-07,0.0
2024-08-08,1.0
2024-08-09,6.5356813e-13
2024-08-10,8.407699e-07
2024-08-11,1.3781352e-32
2024-08-12,1.0
2024-08-13,5.5945895e-34
2024-08-14,0.99992394
2024-08-15,1.0
2024-08-16,1.0
2024-08-17,1.0
2024-08-18,1.0
2024-08-19,1.9647405e-18
2024-08-20,0.99988043
2024-08-21,4.2071817e-33
2024-08-22,3.058192e-24
2024-08-23,1.0
2024-08-24,0.0
2024-08-25,0.0
2024-08-26,2.8063545e-24
2024-08-27,0.993198
2024-08-28,2.9388038e-16
2024-08-29,1.0
2024-08-30,1.0
2024-08-31,1.0
2024-09-01,1.0
2024-09-02,3.5421774e-08
2024-09-03,7.6226755e-16
2024-09-04,1.0
2024-09-05,0.9999998
2024-09-06,0.00015602878
2024-09-07,1.0
2024-09-08,1.0
2024-09-09,0.022853145
2024-09-10,7.9916285e-33
2024-09-11,7.664548e-12
2024-09-12,7.015572e-29
2024-09-13,0.0
2024-09-14,0.0
2024-09-15,4.035651e-24
2024-09-16,0.00039523837
2024-09-17,1.2141895e-30
2024-09-18,1.0
2024-09-19,4.701797e-08
2024-09-20,0.0
2024-09-21,0.9999999
2024-09-22,1.0
2024-09-23,1.4233685e-25
2024-09-24,9.721939e-35
2024-09-25,1.0
2024-09-26,6.355688e-30
2024-09-27,2.932668e-30
2024-09-28,1.0
2024-09-29,1.0
2024-09-30,1.0
2024-10-01,0.0
2024-10-02,1.0
2024-10-03,1.0
2024-10-04,1.0
2024-10-05,1.0
2024-10-06,1.0
2024-10-07,1.0
2024-10-08,1.0
2024-10-09,1.0
2024-10-10,1.0
2024-10-11,1.778408e-05
2024-10-12,1.0
2024-10-13,1.0
2024-10-14,1.0
2024-10-15,1.0
2024-10-16,0.0
2024-10-17,0.0
2024-10-18,0.0
2024-10-19,1.0
2024-10-20,1.0
2024-10-21,0.98331606
2024-10-22,1.0
2024-10-23,1.0
2024-10-24,0.9999398
2024-10-25,3.0235035e-35
2024-10-26,1.0
2024-10-27,1.0
2024-10-28,4.8333178e-26
2024-10-29,1.0
2024-10-30,0.0
2024-10-31,1.1273975e-10
2024-11-01,4.421603e-14
2024-11-02,1.0
2024-11-03,1.0
2024-11-04,1.0
2024-11-05,1.0
2024-11-06,1.0
2024-11-07,1.0
2024-11-08,7.5657084e-27
2024-11-09,0.0
2024-11-10,1.0
2024-11-11,1.0
2024-11-12,1.0
2024-11-13,1.0
2024-11-14,1.0
2024-11-15,1.0
2024-11-16,0.0
2024-11-17,6.103835e-13
2024-11-18,0.0
2024-11-19,0.0
2024-11-20,0.0
2024-11-21,0.00011338024
2024-11-22,1.5961308e-23
2024-11-23,0.99999666
2024-11-24,1.3427819e-36
2024-11-25,0.0
2024-11-26,0.0
2024-11-27,0.0
2024-11-28,1.0
2024-11-29,1.0
2024-11-30,1.0
2024-12-01,1.0
2024-12-02,8.882352e-12
2024-12-03,1.0
2024-12-04,0.0
2024-12-05,1.0
2024-12-06,7.963493e-37
2024-12-07,1.0
2024-12-08,1.0
2024-12-09,0.0
2024-12-10,0.0
2024-12-11,2.094606e-21
2024-12-12,1.0
2024-12-13,1.0
2024-12-14,1.0
2024-12-15,1.0
2024-12-16,0.0
2024-12-17,0.0
2024-12-18,0.0
2024-12-19,0.0
2024-12-20,0.0
2024-12-21,1.0
2024-12-22,1.0
2024-12-23,1.0
2024-12-24,1.0
2024-12-25,1.0
2024-12-26,1.0
2024-12-27,1.0
2024-12-28,1.0
2024-12-29,1.0
2024-12-30,1.0
2024-12-31,1.0
2025-01-01,1.0
2025-01-02,1.0
2025-01-03,1.0
2025-01-04,0.830363
2025-01-05,0.99999934
2025-01-06,0.0
2025-01-07,3.0673743e-17
2025-01-08,0.02302826
2025-01-09,1.0
2025-01-10,1.0
2025-01-11,1.0
2025-01-12,1.0
2025-01-13,1.0
2025-01-14,1.0
2025-01-15,0.0
2025-01-16,0.0
2025-01-17,0.0
2025-01-18,0.0
2025-01-19,2.8237245e-35
2025-01-20,1.0
2025-01-21,0.0
2025-01-22,1.0
2025-01-23,2.2859778e-11
2025-01-24,1.0
2025-01-25,1.0
2025-01-26,1.0
2025-01-27,1.0
2025-01-28,1.0
2025-01-29,1.0
2025-01-30,1.0
2025-01-31,1.0
2025-02-01,1.0
2025-02-02,1.0
2025-02-03,0.010553333
2025-02-04,1.0
2025-02-05,1.0
2025-02-06,1.0
2025-02-07,1.0
2025-02-08,1.0
2025-02-09,1.0
2025-02-10,1.0
2025-02-11,1.0
2025-02-12,1.0
2025-02-13,1.0
2025-02-14,1.0
2025-02-15,1.0
2025-02-16,1.0
2025-02-17,1.0
2025-02-18,1.0
2025-02-19,1.0
2025-02-20,1.0
2025-02-21,4.104766e-28
2025-02-22,1.0
2025-02-23,1.0
2025-02-24,1.0
2025-02-25,2.8078389e-27
2025-02-26,0.0
2025-02-27,0.22735243
2025-02-28,1.4418675e-17
2025-03-01,1.0
2025-03-02,0.0
2025-03-03,1.0
2025-03-04,1.0
2025-03-05,0.0
2025-03-06,0.0
2025-03-07,1.0
2025-03-08,1.0
2025-03-09,1.0
2025-03-10,1.2274705e-16
2025-03-11,7.84333e-08
2025-03-12,0.0
2025-03-13,0.9995151
2025-03-14,0.0
2025-03-15,0.0
2025-03-16,0.9999995
2025-03-17,0.0
2025-03-18,5.741885e-30
2025-03-19,0.0
2025-03-20,5.150319e-06
2025-03-21,0.99988705
2025-03-22,1.0
2025-03-23,0.0
2025-03-24,0.0
2025-03-25,0.0
2025-03-26,0.99999994
2025-03-27,1.0
2025-03-28,1.0
2025-03-29,1.0
2025-03-30,1.0
2025-03-31,1.0
2025-04-01,1.0
2025-04-02,1.0
2025-04-03,0.0013515411
2025-04-04,3.730394e-21
2025-04-05,1.0
2025-04-06,1.0
2025-04-07,1.0
2025-04-08,9.677994e-13
2025-04-09,1.0
2025-04-10,1.6438297e-22
2025-04-11,5.366126e-32
2025-04-12,0.0
2025-04-13,0.0
2025-04-14,0.0
2025-04-15,1.0
2025-04-16,1.0
2025-04-17,1.0
2025-04-18,1.0
2025-04-19,1.0
2025-04-20,1.0
2025-04-21,3.4722041e-37
2025-04-22,0.0
2025-04-23,0.0
2025-04-24,0.0
2025-04-25,0.0
2025-04-26,1.0
2025-04-27,1.0
2025-04-28,1.0
2025-04-29,1.0
2025-04-30,1.0
2025-05-01,1.0
2025-05-02,1.0
2025-05-03,1.0
2025-05-04,1.0
2025-05-05,1.0
2025-05-06,1.0
2025-05-07,1.0
2025-05-08,0.0
2025-05-09,0.0
2025-05-10,2.937926e-18
2025-05-11,1.0
2025-05-12,9.296262e-34
2025-05-13,1.0
2025-05-14,1.0
2025-05-15,1.0
2025-05-16,1.0
2025-05-17,1.0
2025-05-18,1.0
2025-05-19,1.0
2025-05-20,1.0
2025-05-21,0.0
2025-05-22,0.0
2025-05-23,1.0
2025-05-24,1.0
2025-05-25,1.0
2025-05-26,1.0
2025-05-27,1.0
2025-05-28,1.0
2025-05-29,1.0
2025-05-30,1.0
2025-05-31,1.0
2025-06-01,1.0
2025-06-02,1.0
2025-06-03,1.0
2025-06-04,1.0
2025-06-05,1.0
2025-06-06,1.0
2025-06-07,1.0
2025-06-08,1.0
2025-06-09,1.0
2025-06-10,1.0
2025-06-11,1.0
2025-06-12,1.0
2025-06-13,1.0
2025-06-14,1.0
2025-06-15,1.0
2025-06-16,1.0
2025-06-17,1.0
2025-06-18,1.0
2025-06-19,1.0
2025-06-20,1.0
2025-06-21,1.0
2025-06-22,1.0
2025-06-23,1.0
2025-06-24,1.0
2025-06-25,1.0
2025-06-26,1.0
2025-06-27,1.0
2025-06-28,1.0
2025-06-29,1.0
2025-06-30,1.0
2025-07-01,1.0
2025-07-02,1.0
2025-07-03,1.0
2025-07-04,1.0
2025-07-05,1.0
2025-07-06,1.0
2025-07-07,1.0
2025-07-08,1.0
2025-07-09,1.0
2025-07-10,0.0
2025-07-11,0.0
2025-07-12,1.064523e-15
2025-07-13,2.415981e-33
2025-07-14,2.4702914e-28
2025-07-15,1.0
2025-07-16,1.0
2025-07-17,1.0
2025-07-18,1.0
2025-07-19,1.0
2025-07-20,1.0
2025-07-21,1.0
2025-07-22,1.0
2025-07-23,1.0
2025-07-24,1.0
2025-07-25,1.0
2025-07-26,1.0
2025-07-27,1.0
2025-07-28,1.0
2025-07-29,1.0
2025-07-30,1.0
2025-07-31,1.0
2025-08-01,1.0
2025-08-02,1.0
2025-08-03,1.0
2025-08-04,1.0
2025-08-05,1.0
2025-08-06,1.0
2025-08-07,1.0
2025-08-08,1.0
2025-08-09,1.0
2025-08-10,1.0
2025-08-11,1.0
2025-08-12,1.0
2025-08-13,1.3821394e-06
2025-08-14,1.0
2025-08-15,1.0
2025-08-16,1.0
2025-08-17,1.0
2025-08-18,1.0
2025-08-19,1.0
2025-08-20,1.0
2025-08-21,1.0
2025-08-22,1.0
2025-08-23,1.0
2025-08-24,1.0
2025-08-25,1.0
2025-08-26,1.0
2025-08-27,1.0
2025-08-28,1.0
2025-08-29,1.0
2025-08-30,1.0
2025-08-31,1.0
2025-09-01,1.0
2025-09-02,1.0
2025-09-03,1.0
2025-09-04,1.0
2025-09-05,1.0
2025-09-06,1.0
2025-09-07,1.0
2025-09-08,1.0
2025-09-09,1.0
2025-09-10,1.0
2025-09-11,2.3742082e-19
2025-09-12,4.491233e-14
2025-09-13,1.0
2025-09-14,1.0
2025-09-15,1.0
2025-09-16,1.0
2025-09-17,1.0
2025-09-18,1.0
2025-09-19,1.0
2025-09-20,1.0
2025-09-21,1.0
2025-09-22,1.0
2025-09-23,1.0
2025-09-24,1.0
2025-09-25,1.0
2025-09-26,1.0
2025-09-27,1.0
2025-09-28,1.0
2025-09-29,1.0
2025-09-30,1.0
2025-10-01,0.0
2025-10-02,0.0
2025-10-03,0.0
